Downregulated,Upregulated
ENSMUSG00000106107,ENSMUSG00000024054
ENSMUSG00000048782,ENSMUSG00000028868
ENSMUSG00000087613,ENSMUSG00000020282
ENSMUSG00000026725,ENSMUSG00000097772
ENSMUSG00000084854,ENSMUSG00000031309
ENSMUSG00000085412,ENSMUSG00000038335
ENSMUSG00000096010,ENSMUSG00000015755
ENSMUSG00000048911,ENSMUSG00000045973
ENSMUSG00000055945,ENSMUSG00000027722
ENSMUSG00000034881,ENSMUSG00000041073
ENSMUSG00000032532,ENSMUSG00000025178
ENSMUSG00000117870,ENSMUSG00000038235
ENSMUSG00000086924,ENSMUSG00000020790
ENSMUSG00000115888,ENSMUSG00000039285
ENSMUSG00000090622,ENSMUSG00000026377
ENSMUSG00000105402,ENSMUSG00000022378
ENSMUSG00000109508,ENSMUSG00000032300
ENSMUSG00000029608,ENSMUSG00000044768
ENSMUSG00000046916,ENSMUSG00000111118
ENSMUSG00000120104,ENSMUSG00000022974
ENSMUSG00000018581,ENSMUSG00000025104
ENSMUSG00000055827,ENSMUSG00000049092
ENSMUSG00000049241,ENSMUSG00000020910
ENSMUSG00000018486,ENSMUSG00000020184
ENSMUSG00000062545,ENSMUSG00000040586
ENSMUSG00000026185,ENSMUSG00000036391
ENSMUSG00000063730,ENSMUSG00000014496
ENSMUSG00000021228,ENSMUSG00000001248
ENSMUSG00000027762,ENSMUSG00000048661
ENSMUSG00000039579,ENSMUSG00000031530
ENSMUSG00000079173,ENSMUSG00000068015
ENSMUSG00000059336,ENSMUSG00000015357
ENSMUSG00000055235,ENSMUSG00000002728
ENSMUSG00000086140,ENSMUSG00000022623
ENSMUSG00000079495,ENSMUSG00000060716
ENSMUSG00000043496,ENSMUSG00000093392
ENSMUSG00000086740,ENSMUSG00000020869
ENSMUSG00000040283,ENSMUSG00000023048
ENSMUSG00000073000,ENSMUSG00000038855
ENSMUSG00000090817,ENSMUSG00000041143
ENSMUSG00000019464,ENSMUSG00000003208
ENSMUSG00000038077,ENSMUSG00000023150
ENSMUSG00000006711,ENSMUSG00000020387
ENSMUSG00000109715,ENSMUSG00000030339
ENSMUSG00000033963,ENSMUSG00000025485
ENSMUSG00000120464,ENSMUSG00000021408
ENSMUSG00000093535,ENSMUSG00000052293
ENSMUSG00000085929,ENSMUSG00000028249
ENSMUSG00000032131,ENSMUSG00000050854
ENSMUSG00000105961,ENSMUSG00000026049
ENSMUSG00000037624,ENSMUSG00000032333
ENSMUSG00000055489,ENSMUSG00000048439
ENSMUSG00000002032,ENSMUSG00000029777
ENSMUSG00000040860,ENSMUSG00000060733
ENSMUSG00000020798,ENSMUSG00000049044
ENSMUSG00000097405,ENSMUSG00000029110
ENSMUSG00000042425,ENSMUSG00000007029
ENSMUSG00000097286,ENSMUSG00000063019
ENSMUSG00000032946,ENSMUSG00000028329
ENSMUSG00000112289,ENSMUSG00000032860
ENSMUSG00000021943,ENSMUSG00000092368
ENSMUSG00000029419,ENSMUSG00000036197
ENSMUSG00000031383,ENSMUSG00000001525
ENSMUSG00000020811,ENSMUSG00000080772
ENSMUSG00000061578,ENSMUSG00000004451
ENSMUSG00000072683,ENSMUSG00000083240
ENSMUSG00000050107,ENSMUSG00000027012
ENSMUSG00000100426,ENSMUSG00000046079
ENSMUSG00000029546,ENSMUSG00000120926
ENSMUSG00000078592,ENSMUSG00000024851
ENSMUSG00000113629,ENSMUSG00000019814
ENSMUSG00000097503,ENSMUSG00000027422
ENSMUSG00000048424,ENSMUSG00000024835
ENSMUSG00000102953,ENSMUSG00000034168
ENSMUSG00000031390,ENSMUSG00000023206
ENSMUSG00000106838,ENSMUSG00000027200
ENSMUSG00000039717,ENSMUSG00000070639
ENSMUSG00000096938,ENSMUSG00000121696
ENSMUSG00000055022,ENSMUSG00000027222
ENSMUSG00000026322,ENSMUSG00000051396
ENSMUSG00000097730,ENSMUSG00000030528
ENSMUSG00000024168,ENSMUSG00000051703
ENSMUSG00000051262,ENSMUSG00000028367
ENSMUSG00000060176,ENSMUSG00000037400
ENSMUSG00000112366,ENSMUSG00000034591
ENSMUSG00000037813,ENSMUSG00000118552
ENSMUSG00000006574,ENSMUSG00000019590
ENSMUSG00000095143,ENSMUSG00000033554
ENSMUSG00000075549,ENSMUSG00000008730
ENSMUSG00000095388,ENSMUSG00000035184
ENSMUSG00000056468,ENSMUSG00000021638
ENSMUSG00000033705,ENSMUSG00000022285
ENSMUSG00000041797,ENSMUSG00000064030
ENSMUSG00000118631,ENSMUSG00000047821
ENSMUSG00000096549,ENSMUSG00000051390
ENSMUSG00000120233,ENSMUSG00000054065
ENSMUSG00000025418,ENSMUSG00000028010
ENSMUSG00000078486,ENSMUSG00000027351
ENSMUSG00000035407,ENSMUSG00000049470
ENSMUSG00000041261,ENSMUSG00000041238
ENSMUSG00000044164,ENSMUSG00000063800
ENSMUSG00000074060,ENSMUSG00000032599
ENSMUSG00000091366,ENSMUSG00000031980
ENSMUSG00000050592,ENSMUSG00000105987
ENSMUSG00000032122,ENSMUSG00000029830
ENSMUSG00000040950,ENSMUSG00000022089
ENSMUSG00000089694,ENSMUSG00000022900
ENSMUSG00000047507,ENSMUSG00000024785
ENSMUSG00000079436,ENSMUSG00000030029
ENSMUSG00000047583,ENSMUSG00000025464
ENSMUSG00000046275,ENSMUSG00000029344
ENSMUSG00000002504,ENSMUSG00000040631
ENSMUSG00000071042,ENSMUSG00000031586
ENSMUSG00000103160,ENSMUSG00000020572
ENSMUSG00000121088,ENSMUSG00000045538
ENSMUSG00000070368,ENSMUSG00000039770
ENSMUSG00000038132,ENSMUSG00000002603
ENSMUSG00000109587,ENSMUSG00000121785
ENSMUSG00000020140,ENSMUSG00000115276
ENSMUSG00000019893,ENSMUSG00000070003
ENSMUSG00000042766,ENSMUSG00000020917
ENSMUSG00000000142,ENSMUSG00000020812
ENSMUSG00000034911,ENSMUSG00000050199
ENSMUSG00000047787,ENSMUSG00000030967
ENSMUSG00000027831,ENSMUSG00000031004
ENSMUSG00000049538,ENSMUSG00000060477
ENSMUSG00000006386,ENSMUSG00000036533
ENSMUSG00000024694,ENSMUSG00000038473
ENSMUSG00000014503,ENSMUSG00000025041
ENSMUSG00000073680,ENSMUSG00000015647
ENSMUSG00000111947,ENSMUSG00000017677
ENSMUSG00000034413,ENSMUSG00000025068
ENSMUSG00000094932,ENSMUSG00000027361
ENSMUSG00000072769,ENSMUSG00000016946
ENSMUSG00000043448,ENSMUSG00000015709
ENSMUSG00000042662,ENSMUSG00000024965
ENSMUSG00000087142,ENSMUSG00000060181
ENSMUSG00000074919,ENSMUSG00000025982
ENSMUSG00000051517,ENSMUSG00000025337
ENSMUSG00000121367,ENSMUSG00000028300
ENSMUSG00000052572,ENSMUSG00000085401
ENSMUSG00000115867,ENSMUSG00000036840
ENSMUSG00000112693,ENSMUSG00000015243
ENSMUSG00000093606,ENSMUSG00000026786
ENSMUSG00000115200,ENSMUSG00000022124
ENSMUSG00000021579,ENSMUSG00000001847
ENSMUSG00000000901,ENSMUSG00000007867
ENSMUSG00000099338,ENSMUSG00000025278
ENSMUSG00000049511,ENSMUSG00000001247
ENSMUSG00000042428,ENSMUSG00000034610
ENSMUSG00000056411,ENSMUSG00000020255
ENSMUSG00000107000,ENSMUSG00000031565
ENSMUSG00000121376,ENSMUSG00000021703
ENSMUSG00000020135,ENSMUSG00000022867
ENSMUSG00000090925,ENSMUSG00000027009
ENSMUSG00000078794,ENSMUSG00000052632
ENSMUSG00000009216,ENSMUSG00000068742
ENSMUSG00000108659,ENSMUSG00000030641
ENSMUSG00000074461,ENSMUSG00000042228
ENSMUSG00000091405,ENSMUSG00000044339
ENSMUSG00000030098,ENSMUSG00000028833
ENSMUSG00000085069,ENSMUSG00000046207
ENSMUSG00000079671,ENSMUSG00000031384
ENSMUSG00000017309,ENSMUSG00000105081
ENSMUSG00000075534,ENSMUSG00000050394
ENSMUSG00000070392,ENSMUSG00000056952
ENSMUSG00000034161,ENSMUSG00000025647
ENSMUSG00000120254,ENSMUSG00000069114
ENSMUSG00000086061,ENSMUSG00000037112
ENSMUSG00000036602,ENSMUSG00000021282
ENSMUSG00000082152,ENSMUSG00000101567
ENSMUSG00000099170,ENSMUSG00000038058
ENSMUSG00000035189,ENSMUSG00000062591
ENSMUSG00000085582,ENSMUSG00000004455
ENSMUSG00000036169,ENSMUSG00000022971
ENSMUSG00000020017,ENSMUSG00000027177
ENSMUSG00000101514,ENSMUSG00000041889
ENSMUSG00000048251,ENSMUSG00000021939
ENSMUSG00000036186,ENSMUSG00000022204
ENSMUSG00000105550,ENSMUSG00000002227
ENSMUSG00000081957,ENSMUSG00000036006
ENSMUSG00000066058,ENSMUSG00000026608
ENSMUSG00000090919,ENSMUSG00000066595
ENSMUSG00000070802,ENSMUSG00000029426
ENSMUSG00000087042,ENSMUSG00000040717
ENSMUSG00000120842,ENSMUSG00000001305
ENSMUSG00000075267,ENSMUSG00000027469
ENSMUSG00000102861,ENSMUSG00000111594
ENSMUSG00000052981,ENSMUSG00000034708
ENSMUSG00000049907,ENSMUSG00000047040
ENSMUSG00000086350,ENSMUSG00000034616
ENSMUSG00000085017,ENSMUSG00000021359
ENSMUSG00000028527,ENSMUSG00000032939
ENSMUSG00000042514,ENSMUSG00000058503
ENSMUSG00000019880,ENSMUSG00000062328
ENSMUSG00000106164,ENSMUSG00000081984
ENSMUSG00000117901,ENSMUSG00000041571
ENSMUSG00000100005,ENSMUSG00000096403
ENSMUSG00000031870,ENSMUSG00000030157
ENSMUSG00000059857,ENSMUSG00000037262
ENSMUSG00000035403,ENSMUSG00000078201
ENSMUSG00000062210,ENSMUSG00000081070
ENSMUSG00000024663,ENSMUSG00000037656
ENSMUSG00000085087,ENSMUSG00000070960
ENSMUSG00000024027,ENSMUSG00000029833
ENSMUSG00000029570,ENSMUSG00000030880
ENSMUSG00000049871,ENSMUSG00000026889
ENSMUSG00000120930,ENSMUSG00000047153
ENSMUSG00000106365,ENSMUSG00000016477
ENSMUSG00000097616,ENSMUSG00000035873
ENSMUSG00000040009,ENSMUSG00000052942
ENSMUSG00000081058,ENSMUSG00000037239
ENSMUSG00000085105,ENSMUSG00000089824
ENSMUSG00000120539,ENSMUSG00000030579
ENSMUSG00000118376,ENSMUSG00000103137
ENSMUSG00000056185,ENSMUSG00000029276
ENSMUSG00000046491,ENSMUSG00000001120
ENSMUSG00000061718,ENSMUSG00000018819
ENSMUSG00000028417,ENSMUSG00000106918
ENSMUSG00000028996,ENSMUSG00000063785
ENSMUSG00000096917,ENSMUSG00000024498
ENSMUSG00000104965,ENSMUSG00000029828
ENSMUSG00000025316,ENSMUSG00000006958
ENSMUSG00000100235,ENSMUSG00000026393
ENSMUSG00000087013,ENSMUSG00000036752
ENSMUSG00000033634,ENSMUSG00000019927
ENSMUSG00000114441,ENSMUSG00000020914
ENSMUSG00000120286,ENSMUSG00000116811
ENSMUSG00000038453,ENSMUSG00000020262
ENSMUSG00000097292,ENSMUSG00000049521
ENSMUSG00000068962,ENSMUSG00000030750
ENSMUSG00000085826,ENSMUSG00000044548
ENSMUSG00000091813,ENSMUSG00000023004
ENSMUSG00000121866,ENSMUSG00000059288
ENSMUSG00000098488,ENSMUSG00000038900
ENSMUSG00000115970,ENSMUSG00000042354
ENSMUSG00000020335,ENSMUSG00000031758
ENSMUSG00000102632,ENSMUSG00000045968
ENSMUSG00000045930,ENSMUSG00000039616
ENSMUSG00000021234,ENSMUSG00000054720
ENSMUSG00000116813,ENSMUSG00000090862
ENSMUSG00000109021,ENSMUSG00000022074
ENSMUSG00000038624,ENSMUSG00000057157
ENSMUSG00000047746,ENSMUSG00000015850
ENSMUSG00000111692,ENSMUSG00000004530
ENSMUSG00000097063,ENSMUSG00000027803
ENSMUSG00000022537,ENSMUSG00000051166
ENSMUSG00000021750,ENSMUSG00000036469
ENSMUSG00000111340,ENSMUSG00000038884
ENSMUSG00000032394,ENSMUSG00000026466
ENSMUSG00000102425,ENSMUSG00000020248
ENSMUSG00000029925,ENSMUSG00000008384
ENSMUSG00000062563,ENSMUSG00000095762
ENSMUSG00000074219,ENSMUSG00000108799
ENSMUSG00000021624,ENSMUSG00000023025
ENSMUSG00000063535,ENSMUSG00000111740
ENSMUSG00000044296,ENSMUSG00000108443
ENSMUSG00000042961,ENSMUSG00000011305
ENSMUSG00000020486,ENSMUSG00000103553
ENSMUSG00000074577,ENSMUSG00000102428
ENSMUSG00000120906,ENSMUSG00000035529
ENSMUSG00000115718,ENSMUSG00000081992
ENSMUSG00000095193,ENSMUSG00000016487
ENSMUSG00000121868,ENSMUSG00000022009
ENSMUSG00000039463,ENSMUSG00000039158
ENSMUSG00000048485,ENSMUSG00000026305
ENSMUSG00000037348,ENSMUSG00000053332
ENSMUSG00000097303,ENSMUSG00000035517
ENSMUSG00000041986,ENSMUSG00000052825
ENSMUSG00000021573,ENSMUSG00000106019
ENSMUSG00000063434,ENSMUSG00000030316
ENSMUSG00000059305,ENSMUSG00000045427
ENSMUSG00000087178,ENSMUSG00000059820
ENSMUSG00000042826,ENSMUSG00000021998
ENSMUSG00000119968,ENSMUSG00000090733
ENSMUSG00000027796,ENSMUSG00000023991
ENSMUSG00000049532,ENSMUSG00000040661
ENSMUSG00000101037,ENSMUSG00000050737
ENSMUSG00000120414,ENSMUSG00000021458
ENSMUSG00000093865,ENSMUSG00000001098
ENSMUSG00000085566,ENSMUSG00000022150
ENSMUSG00000030364,ENSMUSG00000003534
ENSMUSG00000037016,ENSMUSG00000039617
ENSMUSG00000120969,ENSMUSG00000008200
ENSMUSG00000096935,ENSMUSG00000032410
ENSMUSG00000027716,ENSMUSG00000004843
ENSMUSG00000059659,ENSMUSG00000002897
ENSMUSG00000117994,ENSMUSG00000031485
ENSMUSG00000030283,ENSMUSG00000037860
ENSMUSG00000097842,ENSMUSG00000051316
ENSMUSG00000024793,ENSMUSG00000026977
ENSMUSG00000103392,ENSMUSG00000027936
ENSMUSG00000034258,ENSMUSG00000042348
ENSMUSG00000078875,ENSMUSG00000000531
ENSMUSG00000032725,ENSMUSG00000020086
ENSMUSG00000020490,ENSMUSG00000007817
ENSMUSG00000026768,ENSMUSG00000039233
ENSMUSG00000056592,ENSMUSG00000018449
ENSMUSG00000020261,ENSMUSG00000038342
ENSMUSG00000021319,ENSMUSG00000039115
ENSMUSG00000045201,ENSMUSG00000033684
ENSMUSG00000021379,ENSMUSG00000035378
ENSMUSG00000051705,ENSMUSG00000004952
ENSMUSG00000079550,ENSMUSG00000061689
ENSMUSG00000015093,ENSMUSG00000035104
ENSMUSG00000058246,ENSMUSG00000042331
ENSMUSG00000048387,ENSMUSG00000040158
ENSMUSG00000002007,ENSMUSG00000035399
ENSMUSG00000030321,ENSMUSG00000074794
ENSMUSG00000021798,ENSMUSG00000102602
ENSMUSG00000001739,ENSMUSG00000030247
ENSMUSG00000072762,ENSMUSG00000100018
ENSMUSG00000097724,ENSMUSG00000042485
ENSMUSG00000022123,ENSMUSG00000033257
ENSMUSG00000038602,ENSMUSG00000058581
ENSMUSG00000056481,ENSMUSG00000018932
ENSMUSG00000054057,ENSMUSG00000037536
ENSMUSG00000020695,ENSMUSG00000035049
ENSMUSG00000072572,ENSMUSG00000032750
ENSMUSG00000028957,ENSMUSG00000104293
ENSMUSG00000062410,ENSMUSG00000030798
ENSMUSG00000031831,ENSMUSG00000034574
ENSMUSG00000032657,ENSMUSG00000106664
ENSMUSG00000039904,ENSMUSG00000037926
ENSMUSG00000067206,ENSMUSG00000052298
ENSMUSG00000028289,ENSMUSG00000032278
ENSMUSG00000094910,ENSMUSG00000037197
ENSMUSG00000085882,ENSMUSG00000020464
ENSMUSG00000085444,ENSMUSG00000034663
ENSMUSG00000087444,ENSMUSG00000113831
ENSMUSG00000013415,ENSMUSG00000109865
ENSMUSG00000065952,ENSMUSG00000042506
ENSMUSG00000001520,ENSMUSG00000026029
ENSMUSG00000020546,ENSMUSG00000009630
ENSMUSG00000097073,ENSMUSG00000022587
ENSMUSG00000070985,ENSMUSG00000004100
ENSMUSG00000116551,ENSMUSG00000074342
ENSMUSG00000093629,ENSMUSG00000026385
ENSMUSG00000113019,ENSMUSG00000042167
ENSMUSG00000097084,ENSMUSG00000028961
ENSMUSG00000103916,ENSMUSG00000024661
ENSMUSG00000053647,ENSMUSG00000031770
ENSMUSG00000095300,ENSMUSG00000080021
ENSMUSG00000085772,ENSMUSG00000022565
ENSMUSG00000003070,ENSMUSG00000000826
ENSMUSG00000086392,ENSMUSG00000027087
ENSMUSG00000031273,ENSMUSG00000092203
ENSMUSG00000027955,ENSMUSG00000044864
ENSMUSG00000057093,ENSMUSG00000024423
ENSMUSG00000023073,ENSMUSG00000052934
ENSMUSG00000017969,ENSMUSG00000121107
ENSMUSG00000085445,ENSMUSG00000010660
ENSMUSG00000044338,ENSMUSG00000032435
ENSMUSG00000039891,ENSMUSG00000026434
ENSMUSG00000037953,ENSMUSG00000028796
ENSMUSG00000090659,ENSMUSG00000037313
ENSMUSG00000044461,ENSMUSG00000107200
ENSMUSG00000097101,ENSMUSG00000053158
ENSMUSG00000001661,ENSMUSG00000020694
ENSMUSG00000030486,ENSMUSG00000050944
ENSMUSG00000027217,ENSMUSG00000045176
ENSMUSG00000019124,ENSMUSG00000045934
ENSMUSG00000005237,ENSMUSG00000031805
ENSMUSG00000033350,ENSMUSG00000021629
ENSMUSG00000032064,ENSMUSG00000044337
ENSMUSG00000047182,ENSMUSG00000022488
ENSMUSG00000051041,ENSMUSG00000047370
ENSMUSG00000086794,ENSMUSG00000041992
ENSMUSG00000086600,ENSMUSG00000074578
ENSMUSG00000052273,ENSMUSG00000101188
ENSMUSG00000038239,ENSMUSG00000060063
ENSMUSG00000121879,ENSMUSG00000031709
ENSMUSG00000031840,ENSMUSG00000035372
ENSMUSG00000022206,ENSMUSG00000021662
ENSMUSG00000119981,ENSMUSG00000081382
ENSMUSG00000026785,ENSMUSG00000093651
ENSMUSG00000055240,ENSMUSG00000042626
ENSMUSG00000121377,ENSMUSG00000042548
ENSMUSG00000085317,ENSMUSG00000021171
ENSMUSG00000064023,ENSMUSG00000031428
ENSMUSG00000020990,ENSMUSG00000031778
ENSMUSG00000029516,ENSMUSG00000090236
ENSMUSG00000121871,ENSMUSG00000001419
ENSMUSG00000029797,ENSMUSG00000110657
ENSMUSG00000121252,ENSMUSG00000081302
ENSMUSG00000120183,ENSMUSG00000029415
ENSMUSG00000072647,ENSMUSG00000018678
ENSMUSG00000033544,ENSMUSG00000040918
ENSMUSG00000049184,ENSMUSG00000034271
ENSMUSG00000078898,ENSMUSG00000001964
ENSMUSG00000030657,ENSMUSG00000023249
ENSMUSG00000028023,ENSMUSG00000080268
ENSMUSG00000085962,ENSMUSG00000019487
ENSMUSG00000078899,ENSMUSG00000039879
ENSMUSG00000054932,ENSMUSG00000121171
ENSMUSG00000025375,ENSMUSG00000037336
ENSMUSG00000050357,ENSMUSG00000003348
ENSMUSG00000020053,ENSMUSG00000047777
ENSMUSG00000104116,ENSMUSG00000000326
ENSMUSG00000114860,ENSMUSG00000026360
ENSMUSG00000054052,ENSMUSG00000027315
ENSMUSG00000097814,ENSMUSG00000054204
ENSMUSG00000086243,ENSMUSG00000121084
ENSMUSG00000121213,ENSMUSG00000075327
ENSMUSG00000067872,ENSMUSG00000031434
ENSMUSG00000000359,ENSMUSG00000077450
ENSMUSG00000101537,ENSMUSG00000066270
ENSMUSG00000085154,ENSMUSG00000114179
ENSMUSG00000108431,ENSMUSG00000081113
ENSMUSG00000054206,ENSMUSG00000034751
ENSMUSG00000028031,ENSMUSG00000028036
ENSMUSG00000042529,ENSMUSG00000121066
ENSMUSG00000027932,ENSMUSG00000041057
ENSMUSG00000116883,ENSMUSG00000044197
ENSMUSG00000025854,ENSMUSG00000028134
ENSMUSG00000003934,ENSMUSG00000028382
ENSMUSG00000023266,ENSMUSG00000118283
ENSMUSG00000120227,ENSMUSG00000020143
ENSMUSG00000037847,ENSMUSG00000033323
ENSMUSG00000074824,ENSMUSG00000028671
ENSMUSG00000039629,ENSMUSG00000024501
ENSMUSG00000021390,ENSMUSG00000032567
ENSMUSG00000071661,ENSMUSG00000118537
ENSMUSG00000025978,ENSMUSG00000031103
ENSMUSG00000109408,ENSMUSG00000033022
ENSMUSG00000052921,ENSMUSG00000019923
ENSMUSG00000036218,ENSMUSG00000058881
ENSMUSG00000086010,ENSMUSG00000048490
ENSMUSG00000079260,ENSMUSG00000030353
ENSMUSG00000121226,ENSMUSG00000084289
ENSMUSG00000092103,ENSMUSG00000032058
ENSMUSG00000034282,ENSMUSG00000028328
ENSMUSG00000054115,ENSMUSG00000007872
ENSMUSG00000045064,ENSMUSG00000073982
ENSMUSG00000119979,ENSMUSG00000028776
ENSMUSG00000010175,ENSMUSG00000035337
ENSMUSG00000039563,ENSMUSG00000014592
ENSMUSG00000020866,ENSMUSG00000015846
ENSMUSG00000024440,ENSMUSG00000031627
ENSMUSG00000058921,ENSMUSG00000029580
ENSMUSG00000112858,ENSMUSG00000041375
ENSMUSG00000113455,ENSMUSG00000031146
ENSMUSG00000104459,ENSMUSG00000034842
ENSMUSG00000079444,ENSMUSG00000029687
ENSMUSG00000063430,ENSMUSG00000073409
ENSMUSG00000029283,ENSMUSG00000031266
ENSMUSG00000111828,ENSMUSG00000023286
ENSMUSG00000103857,ENSMUSG00000055491
ENSMUSG00000112773,ENSMUSG00000021366
ENSMUSG00000058966,ENSMUSG00000025007
ENSMUSG00000031070,ENSMUSG00000015839
ENSMUSG00000042707,ENSMUSG00000034681
ENSMUSG00000120413,ENSMUSG00000084235
ENSMUSG00000057315,ENSMUSG00000006782
ENSMUSG00000037703,ENSMUSG00000118499
ENSMUSG00000121424,ENSMUSG00000021483
ENSMUSG00000107465,ENSMUSG00000041895
ENSMUSG00000108207,ENSMUSG00000035840
ENSMUSG00000075025,ENSMUSG00000023908
ENSMUSG00000022595,ENSMUSG00000066042
ENSMUSG00000085360,ENSMUSG00000026395
ENSMUSG00000117322,ENSMUSG00000082878
ENSMUSG00000034159,ENSMUSG00000074743
ENSMUSG00000085408,ENSMUSG00000028100
ENSMUSG00000020601,ENSMUSG00000045045
ENSMUSG00000042807,ENSMUSG00000114835
ENSMUSG00000043251,ENSMUSG00000017765
ENSMUSG00000021120,ENSMUSG00000029313
ENSMUSG00000086810,ENSMUSG00000068335
ENSMUSG00000037579,ENSMUSG00000006273
ENSMUSG00000070583,ENSMUSG00000024143
ENSMUSG00000023333,ENSMUSG00000029174
ENSMUSG00000025927,ENSMUSG00000026159
ENSMUSG00000027939,ENSMUSG00000079505
ENSMUSG00000108436,ENSMUSG00000026478
ENSMUSG00000042834,ENSMUSG00000032724
ENSMUSG00000105985,ENSMUSG00000025408
ENSMUSG00000028427,ENSMUSG00000040270
ENSMUSG00000046618,ENSMUSG00000018654
ENSMUSG00000047986,ENSMUSG00000007589
ENSMUSG00000040841,ENSMUSG00000014905
ENSMUSG00000006362,ENSMUSG00000114733
ENSMUSG00000061353,ENSMUSG00000043702
ENSMUSG00000046070,ENSMUSG00000121452
ENSMUSG00000020258,ENSMUSG00000021814
ENSMUSG00000085207,ENSMUSG00000006301
ENSMUSG00000105282,ENSMUSG00000031432
ENSMUSG00000090069,ENSMUSG00000024472
ENSMUSG00000020974,ENSMUSG00000121725
ENSMUSG00000024299,ENSMUSG00000041488
ENSMUSG00000086657,ENSMUSG00000082895
ENSMUSG00000051832,ENSMUSG00000008682
ENSMUSG00000033763,ENSMUSG00000037661
ENSMUSG00000063626,ENSMUSG00000055116
ENSMUSG00000097882,ENSMUSG00000040859
ENSMUSG00000052229,ENSMUSG00000037960
ENSMUSG00000028919,ENSMUSG00000061132
ENSMUSG00000048728,ENSMUSG00000033955
ENSMUSG00000046417,ENSMUSG00000046269
ENSMUSG00000121023,ENSMUSG00000053746
ENSMUSG00000059049,ENSMUSG00000050271
ENSMUSG00000085933,ENSMUSG00000006050
ENSMUSG00000052698,ENSMUSG00000031812
ENSMUSG00000120023,ENSMUSG00000053291
ENSMUSG00000041695,ENSMUSG00000062232
ENSMUSG00000018169,ENSMUSG00000052310
ENSMUSG00000090093,ENSMUSG00000083449
ENSMUSG00000064065,ENSMUSG00000070420
ENSMUSG00000074793,ENSMUSG00000020089
ENSMUSG00000086596,ENSMUSG00000030968
ENSMUSG00000055373,ENSMUSG00000020015
ENSMUSG00000110419,ENSMUSG00000098120
ENSMUSG00000026156,ENSMUSG00000070462
ENSMUSG00000044345,ENSMUSG00000033863
ENSMUSG00000116903,ENSMUSG00000040875
ENSMUSG00000054517,ENSMUSG00000030265
ENSMUSG00000051515,ENSMUSG00000090119
ENSMUSG00000047586,ENSMUSG00000083822
ENSMUSG00000121350,ENSMUSG00000024812
ENSMUSG00000108738,ENSMUSG00000025176
ENSMUSG00000018698,ENSMUSG00000029178
ENSMUSG00000044595,ENSMUSG00000073940
ENSMUSG00000041248,ENSMUSG00000020458
ENSMUSG00000072763,ENSMUSG00000043284
ENSMUSG00000087088,ENSMUSG00000118140
ENSMUSG00000113170,ENSMUSG00000080717
ENSMUSG00000033726,ENSMUSG00000024561
ENSMUSG00000110206,ENSMUSG00000028869
ENSMUSG00000021175,ENSMUSG00000034311
ENSMUSG00000036298,ENSMUSG00000046432
ENSMUSG00000114354,ENSMUSG00000040624
ENSMUSG00000091764,ENSMUSG00000085666
ENSMUSG00000120686,ENSMUSG00000056537
ENSMUSG00000097357,ENSMUSG00000024789
ENSMUSG00000097204,ENSMUSG00000109599
ENSMUSG00000097760,ENSMUSG00000054027
ENSMUSG00000037166,ENSMUSG00000064215
ENSMUSG00000017688,ENSMUSG00000061983
ENSMUSG00000111090,ENSMUSG00000089988
ENSMUSG00000068551,ENSMUSG00000082100
ENSMUSG00000004500,ENSMUSG00000063160
ENSMUSG00000032500,ENSMUSG00000036943
ENSMUSG00000044788,ENSMUSG00000005973
ENSMUSG00000102577,ENSMUSG00000024576
ENSMUSG00000027335,ENSMUSG00000024589
ENSMUSG00000109780,ENSMUSG00000020530
ENSMUSG00000048126,ENSMUSG00000033192
ENSMUSG00000090086,ENSMUSG00000001156
ENSMUSG00000043822,ENSMUSG00000071172
ENSMUSG00000084866,ENSMUSG00000104671
ENSMUSG00000021388,ENSMUSG00000103034
ENSMUSG00000090235,ENSMUSG00000021838
ENSMUSG00000020788,ENSMUSG00000026525
ENSMUSG00000079434,ENSMUSG00000121606
ENSMUSG00000024437,ENSMUSG00000051147
ENSMUSG00000029521,ENSMUSG00000032135
ENSMUSG00000084904,ENSMUSG00000005774
ENSMUSG00000037709,ENSMUSG00000071640
ENSMUSG00000045215,ENSMUSG00000118106
ENSMUSG00000047996,ENSMUSG00000081810
ENSMUSG00000104340,ENSMUSG00000057897
ENSMUSG00000104951,ENSMUSG00000020777
ENSMUSG00000121225,ENSMUSG00000033713
ENSMUSG00000014303,ENSMUSG00000115160
ENSMUSG00000026447,ENSMUSG00000121724
ENSMUSG00000048600,ENSMUSG00000035530
ENSMUSG00000078861,ENSMUSG00000032012
ENSMUSG00000024565,ENSMUSG00000068264
ENSMUSG00000071633,ENSMUSG00000024989
ENSMUSG00000111656,ENSMUSG00000021108
ENSMUSG00000061013,ENSMUSG00000036995
ENSMUSG00000038679,ENSMUSG00000005054
ENSMUSG00000120789,ENSMUSG00000075602
ENSMUSG00000090113,ENSMUSG00000020034
ENSMUSG00000081965,ENSMUSG00000035021
ENSMUSG00000121179,ENSMUSG00000039954
ENSMUSG00000114995,ENSMUSG00000019505
ENSMUSG00000053550,ENSMUSG00000000282
ENSMUSG00000051855,ENSMUSG00000063060
ENSMUSG00000071456,ENSMUSG00000062081
ENSMUSG00000051727,ENSMUSG00000028068
ENSMUSG00000021373,ENSMUSG00000057789
ENSMUSG00000055313,ENSMUSG00000041219
ENSMUSG00000109015,ENSMUSG00000041671
ENSMUSG00000107230,ENSMUSG00000035696
ENSMUSG00000098678,ENSMUSG00000028954
ENSMUSG00000035283,ENSMUSG00000022462
ENSMUSG00000115575,ENSMUSG00000042524
ENSMUSG00000121083,ENSMUSG00000017715
ENSMUSG00000047146,ENSMUSG00000072594
ENSMUSG00000087424,ENSMUSG00000031843
ENSMUSG00000112188,ENSMUSG00000034674
ENSMUSG00000074646,ENSMUSG00000046546
ENSMUSG00000039167,ENSMUSG00000036438
ENSMUSG00000100813,ENSMUSG00000028191
ENSMUSG00000028545,ENSMUSG00000022035
ENSMUSG00000028528,ENSMUSG00000026117
ENSMUSG00000059810,ENSMUSG00000025314
ENSMUSG00000033207,ENSMUSG00000053358
ENSMUSG00000078901,ENSMUSG00000037820
ENSMUSG00000114148,ENSMUSG00000080058
ENSMUSG00000030380,ENSMUSG00000022433
ENSMUSG00000121470,ENSMUSG00000087590
ENSMUSG00000107163,ENSMUSG00000085156
ENSMUSG00000045515,ENSMUSG00000036452
ENSMUSG00000084983,ENSMUSG00000030499
ENSMUSG00000085175,ENSMUSG00000004267
ENSMUSG00000109628,ENSMUSG00000115379
ENSMUSG00000035759,ENSMUSG00000060512
ENSMUSG00000052117,ENSMUSG00000039531
ENSMUSG00000024254,ENSMUSG00000021794
ENSMUSG00000030116,ENSMUSG00000028841
ENSMUSG00000038583,ENSMUSG00000004864
ENSMUSG00000045441,ENSMUSG00000060147
ENSMUSG00000092500,ENSMUSG00000027954
ENSMUSG00000020838,ENSMUSG00000000787
ENSMUSG00000121247,ENSMUSG00000025076
ENSMUSG00000090031,ENSMUSG00000044550
ENSMUSG00000063428,ENSMUSG00000042712
ENSMUSG00000098447,ENSMUSG00000022090
ENSMUSG00000089663,ENSMUSG00000113346
ENSMUSG00000028475,ENSMUSG00000074553
ENSMUSG00000046442,ENSMUSG00000033392
ENSMUSG00000006586,ENSMUSG00000045795
ENSMUSG00000032198,ENSMUSG00000000532
ENSMUSG00000100707,ENSMUSG00000016624
ENSMUSG00000120153,ENSMUSG00000048832
ENSMUSG00000109644,ENSMUSG00000048218
ENSMUSG00000086725,ENSMUSG00000105936
ENSMUSG00000097150,ENSMUSG00000001918
ENSMUSG00000105368,ENSMUSG00000039497
ENSMUSG00000030909,ENSMUSG00000017697
ENSMUSG00000086054,ENSMUSG00000106251
ENSMUSG00000054967,ENSMUSG00000037805
ENSMUSG00000025597,ENSMUSG00000028893
ENSMUSG00000066319,ENSMUSG00000006585
ENSMUSG00000112790,ENSMUSG00000035828
ENSMUSG00000042320,ENSMUSG00000113918
ENSMUSG00000104625,ENSMUSG00000041096
ENSMUSG00000023885,ENSMUSG00000037712
ENSMUSG00000100642,ENSMUSG00000024732
ENSMUSG00000004748,ENSMUSG00000046675
ENSMUSG00000002055,ENSMUSG00000026020
ENSMUSG00000073590,ENSMUSG00000022111
ENSMUSG00000054715,ENSMUSG00000038400
ENSMUSG00000030443,ENSMUSG00000002297
ENSMUSG00000032380,ENSMUSG00000025171
ENSMUSG00000110652,ENSMUSG00000033658
ENSMUSG00000026207,ENSMUSG00000112806
ENSMUSG00000007827,ENSMUSG00000024436
ENSMUSG00000120242,ENSMUSG00000030847
ENSMUSG00000090210,ENSMUSG00000022216
ENSMUSG00000062151,ENSMUSG00000027660
ENSMUSG00000060509,ENSMUSG00000029192
ENSMUSG00000120914,ENSMUSG00000026970
ENSMUSG00000031548,ENSMUSG00000029204
ENSMUSG00000027500,ENSMUSG00000020122
ENSMUSG00000107698,ENSMUSG00000064289
ENSMUSG00000106035,ENSMUSG00000025723
ENSMUSG00000089857,ENSMUSG00000041957
ENSMUSG00000074818,ENSMUSG00000120850
ENSMUSG00000075463,ENSMUSG00000036411
ENSMUSG00000022941,ENSMUSG00000020115
ENSMUSG00000032179,ENSMUSG00000111394
ENSMUSG00000061371,ENSMUSG00000031264
ENSMUSG00000115099,ENSMUSG00000041180
ENSMUSG00000022802,ENSMUSG00000034738
ENSMUSG00000052544,ENSMUSG00000059195
ENSMUSG00000021670,ENSMUSG00000098234
ENSMUSG00000104814,ENSMUSG00000103081
ENSMUSG00000027676,ENSMUSG00000024395
ENSMUSG00000060862,ENSMUSG00000111212
ENSMUSG00000073867,ENSMUSG00000038781
ENSMUSG00000103115,ENSMUSG00000046962
ENSMUSG00000074867,ENSMUSG00000010830
ENSMUSG00000084790,ENSMUSG00000015837
ENSMUSG00000093587,ENSMUSG00000025856
ENSMUSG00000025189,ENSMUSG00000036002
ENSMUSG00000051817,ENSMUSG00000047565
ENSMUSG00000054939,ENSMUSG00000032280
ENSMUSG00000087020,ENSMUSG00000062300
ENSMUSG00000084880,ENSMUSG00000074971
ENSMUSG00000053977,ENSMUSG00000000303
ENSMUSG00000027318,ENSMUSG00000041769
ENSMUSG00000046952,ENSMUSG00000022673
ENSMUSG00000031853,ENSMUSG00000031453
ENSMUSG00000121596,ENSMUSG00000029186
ENSMUSG00000103928,ENSMUSG00000020680
ENSMUSG00000071551,ENSMUSG00000027412
ENSMUSG00000070720,ENSMUSG00000041025
ENSMUSG00000027001,ENSMUSG00000027907
ENSMUSG00000121883,ENSMUSG00000113789
ENSMUSG00000030145,ENSMUSG00000038387
ENSMUSG00000024011,ENSMUSG00000114584
ENSMUSG00000086638,ENSMUSG00000039168
ENSMUSG00000045822,ENSMUSG00000003549
ENSMUSG00000090019,ENSMUSG00000057554
ENSMUSG00000024018,ENSMUSG00000044147
ENSMUSG00000048078,ENSMUSG00000024727
ENSMUSG00000085633,ENSMUSG00000009535
ENSMUSG00000003949,ENSMUSG00000022114
ENSMUSG00000036098,ENSMUSG00000056313
ENSMUSG00000074527,ENSMUSG00000019942
ENSMUSG00000006457,ENSMUSG00000109727
ENSMUSG00000109179,ENSMUSG00000109787
ENSMUSG00000044952,ENSMUSG00000050910
ENSMUSG00000049630,ENSMUSG00000105742
ENSMUSG00000025175,ENSMUSG00000053749
ENSMUSG00000023000,ENSMUSG00000018166
ENSMUSG00000121115,ENSMUSG00000019929
ENSMUSG00000116840,ENSMUSG00000067212
ENSMUSG00000120209,ENSMUSG00000027536
ENSMUSG00000120046,ENSMUSG00000038866
ENSMUSG00000043419,ENSMUSG00000078238
ENSMUSG00000117335,ENSMUSG00000022340
ENSMUSG00000107524,ENSMUSG00000069917
ENSMUSG00000089875,ENSMUSG00000023307
ENSMUSG00000024065,ENSMUSG00000029641
ENSMUSG00000031549,ENSMUSG00000096210
ENSMUSG00000026941,ENSMUSG00000039217
ENSMUSG00000020154,ENSMUSG00000035129
ENSMUSG00000028600,ENSMUSG00000021709
ENSMUSG00000109274,ENSMUSG00000047528
ENSMUSG00000042476,ENSMUSG00000059796
ENSMUSG00000101599,ENSMUSG00000018425
ENSMUSG00000044937,ENSMUSG00000109325
ENSMUSG00000085615,ENSMUSG00000017615
ENSMUSG00000105960,ENSMUSG00000024776
ENSMUSG00000117818,ENSMUSG00000037725
ENSMUSG00000055632,ENSMUSG00000002602
ENSMUSG00000017639,ENSMUSG00000003382
ENSMUSG00000031216,ENSMUSG00000039377
ENSMUSG00000057103,ENSMUSG00000023074
ENSMUSG00000097789,ENSMUSG00000084323
ENSMUSG00000035615,ENSMUSG00000029372
ENSMUSG00000046806,ENSMUSG00000028789
ENSMUSG00000046719,ENSMUSG00000023827
ENSMUSG00000044674,ENSMUSG00000103621
ENSMUSG00000086193,ENSMUSG00000053950
ENSMUSG00000097820,ENSMUSG00000025591
ENSMUSG00000047635,ENSMUSG00000003153
ENSMUSG00000026616,ENSMUSG00000006611
ENSMUSG00000029130,ENSMUSG00000104724
ENSMUSG00000098206,ENSMUSG00000108701
ENSMUSG00000004415,ENSMUSG00000069919
ENSMUSG00000053985,ENSMUSG00000022443
ENSMUSG00000049555,ENSMUSG00000045664
ENSMUSG00000118239,ENSMUSG00000024457
ENSMUSG00000120507,ENSMUSG00000098713
ENSMUSG00000021994,ENSMUSG00000033450
ENSMUSG00000104851,ENSMUSG00000032231
ENSMUSG00000054074,ENSMUSG00000031207
ENSMUSG00000046532,ENSMUSG00000102543
ENSMUSG00000025317,ENSMUSG00000029829
ENSMUSG00000049107,ENSMUSG00000027882
ENSMUSG00000021200,ENSMUSG00000008393
ENSMUSG00000072915,ENSMUSG00000106636
ENSMUSG00000003227,ENSMUSG00000054509
ENSMUSG00000097651,ENSMUSG00000045411
ENSMUSG00000098370,ENSMUSG00000013846
ENSMUSG00000057123,ENSMUSG00000029913
ENSMUSG00000043602,ENSMUSG00000006731
ENSMUSG00000038020,ENSMUSG00000021266
ENSMUSG00000043065,ENSMUSG00000115026
ENSMUSG00000120191,ENSMUSG00000005125
ENSMUSG00000075324,ENSMUSG00000118181
ENSMUSG00000112478,ENSMUSG00000027800
ENSMUSG00000041429,ENSMUSG00000035725
ENSMUSG00000002799,ENSMUSG00000038774
ENSMUSG00000027887,ENSMUSG00000008540
ENSMUSG00000060568,ENSMUSG00000081157
ENSMUSG00000074579,ENSMUSG00000120357
ENSMUSG00000033033,ENSMUSG00000052056
ENSMUSG00000026817,ENSMUSG00000106590
ENSMUSG00000117499,ENSMUSG00000020737
ENSMUSG00000109532,ENSMUSG00000034247
ENSMUSG00000019944,ENSMUSG00000026031
ENSMUSG00000107728,ENSMUSG00000107211
ENSMUSG00000102091,ENSMUSG00000023036
ENSMUSG00000006310,ENSMUSG00000073599
ENSMUSG00000107201,ENSMUSG00000115431
ENSMUSG00000074826,ENSMUSG00000036052
ENSMUSG00000031461,ENSMUSG00000024429
ENSMUSG00000121177,ENSMUSG00000035891
ENSMUSG00000097467,ENSMUSG00000108350
ENSMUSG00000069920,ENSMUSG00000059401
ENSMUSG00000024403,ENSMUSG00000035671
ENSMUSG00000041361,ENSMUSG00000002068
ENSMUSG00000026173,ENSMUSG00000025128
ENSMUSG00000055150,ENSMUSG00000005968
ENSMUSG00000109771,ENSMUSG00000074802
ENSMUSG00000112813,ENSMUSG00000053931
ENSMUSG00000073678,ENSMUSG00000026526
ENSMUSG00000046997,ENSMUSG00000021196
ENSMUSG00000073236,ENSMUSG00000040414
ENSMUSG00000084799,ENSMUSG00000016520
ENSMUSG00000035878,ENSMUSG00000057191
ENSMUSG00000029651,ENSMUSG00000022018
ENSMUSG00000038506,ENSMUSG00000036306
ENSMUSG00000098024,ENSMUSG00000082809
ENSMUSG00000082840,ENSMUSG00000079523
ENSMUSG00000031883,ENSMUSG00000058624
ENSMUSG00000030329,ENSMUSG00000047098
ENSMUSG00000079588,ENSMUSG00000025270
ENSMUSG00000019906,ENSMUSG00000028634
ENSMUSG00000054931,ENSMUSG00000096957
ENSMUSG00000120525,ENSMUSG00000028889
ENSMUSG00000102881,ENSMUSG00000109498
ENSMUSG00000059921,ENSMUSG00000060177
ENSMUSG00000078851,ENSMUSG00000083902
ENSMUSG00000059824,ENSMUSG00000033685
ENSMUSG00000038745,ENSMUSG00000055044
ENSMUSG00000031398,ENSMUSG00000051065
ENSMUSG00000027765,ENSMUSG00000038642
ENSMUSG00000087141,ENSMUSG00000041046
ENSMUSG00000117485,ENSMUSG00000060802
ENSMUSG00000116518,ENSMUSG00000055401
ENSMUSG00000076617,ENSMUSG00000035493
ENSMUSG00000046480,ENSMUSG00000030790
ENSMUSG00000115813,ENSMUSG00000044583
ENSMUSG00000096971,ENSMUSG00000030745
ENSMUSG00000021983,ENSMUSG00000104891
ENSMUSG00000039110,ENSMUSG00000031971
ENSMUSG00000034845,ENSMUSG00000087589
ENSMUSG00000085665,ENSMUSG00000021585
ENSMUSG00000121489,ENSMUSG00000031616
ENSMUSG00000037995,ENSMUSG00000033102
ENSMUSG00000039081,ENSMUSG00000113769
ENSMUSG00000097309,ENSMUSG00000032402
ENSMUSG00000022364,ENSMUSG00000066392
ENSMUSG00000097855,ENSMUSG00000028334
ENSMUSG00000100002,ENSMUSG00000030256
ENSMUSG00000023968,ENSMUSG00000043279
ENSMUSG00000022442,ENSMUSG00000110393
ENSMUSG00000017167,ENSMUSG00000067924
ENSMUSG00000085733,ENSMUSG00000050565
ENSMUSG00000038319,ENSMUSG00000104973
ENSMUSG00000038742,ENSMUSG00000093579
ENSMUSG00000042787,ENSMUSG00000040451
ENSMUSG00000042579,ENSMUSG00000056904
ENSMUSG00000024378,ENSMUSG00000024036
ENSMUSG00000074071,ENSMUSG00000078566
ENSMUSG00000024987,ENSMUSG00000053559
ENSMUSG00000052137,ENSMUSG00000069188
ENSMUSG00000106498,ENSMUSG00000031934
ENSMUSG00000034212,ENSMUSG00000067925
ENSMUSG00000120604,ENSMUSG00000039221
ENSMUSG00000034579,ENSMUSG00000046694
ENSMUSG00000120036,ENSMUSG00000005251
ENSMUSG00000120936,ENSMUSG00000073787
ENSMUSG00000068323,ENSMUSG00000025287
ENSMUSG00000113811,ENSMUSG00000031422
ENSMUSG00000113432,ENSMUSG00000117975
ENSMUSG00000121114,ENSMUSG00000032041
ENSMUSG00000024869,ENSMUSG00000052305
ENSMUSG00000112165,ENSMUSG00000058099
ENSMUSG00000097068,ENSMUSG00000031889
ENSMUSG00000104969,ENSMUSG00000039936
ENSMUSG00000109478,ENSMUSG00000022865
ENSMUSG00000003410,ENSMUSG00000079414
ENSMUSG00000020492,ENSMUSG00000062127
ENSMUSG00000047496,ENSMUSG00000032193
ENSMUSG00000059939,ENSMUSG00000121382
ENSMUSG00000022075,ENSMUSG00000035498
ENSMUSG00000094786,ENSMUSG00000035969
ENSMUSG00000115253,ENSMUSG00000013275
ENSMUSG00000053199,ENSMUSG00000016918
ENSMUSG00000005611,ENSMUSG00000067199
ENSMUSG00000089789,ENSMUSG00000091955
ENSMUSG00000032528,ENSMUSG00000108456
ENSMUSG00000086714,ENSMUSG00000053581
ENSMUSG00000031847,ENSMUSG00000087660
ENSMUSG00000110980,ENSMUSG00000037965
ENSMUSG00000030731,ENSMUSG00000026313
ENSMUSG00000091996,ENSMUSG00000052125
ENSMUSG00000102476,ENSMUSG00000028073
ENSMUSG00000021287,ENSMUSG00000033294
ENSMUSG00000085622,ENSMUSG00000022617
ENSMUSG00000102615,ENSMUSG00000018076
ENSMUSG00000086968,ENSMUSG00000044254
ENSMUSG00000046351,ENSMUSG00000039994
ENSMUSG00000035842,ENSMUSG00000026473
ENSMUSG00000087385,ENSMUSG00000047604
ENSMUSG00000074283,ENSMUSG00000042608
ENSMUSG00000035275,ENSMUSG00000054034
ENSMUSG00000107499,ENSMUSG00000022999
ENSMUSG00000121790,ENSMUSG00000108024
ENSMUSG00000035629,ENSMUSG00000026094
ENSMUSG00000021294,ENSMUSG00000005686
ENSMUSG00000040102,ENSMUSG00000099397
ENSMUSG00000120952,ENSMUSG00000021190
ENSMUSG00000049176,ENSMUSG00000049382
ENSMUSG00000075271,ENSMUSG00000026435
ENSMUSG00000005580,ENSMUSG00000084081
ENSMUSG00000047342,ENSMUSG00000015143
ENSMUSG00000120374,ENSMUSG00000050957
ENSMUSG00000103901,ENSMUSG00000067931
ENSMUSG00000078867,ENSMUSG00000074676
ENSMUSG00000116165,ENSMUSG00000038525
ENSMUSG00000022840,ENSMUSG00000114547
ENSMUSG00000083083,ENSMUSG00000034173
ENSMUSG00000113204,ENSMUSG00000036478
ENSMUSG00000025436,ENSMUSG00000030707
ENSMUSG00000033707,ENSMUSG00000020653
ENSMUSG00000034353,ENSMUSG00000031382
ENSMUSG00000021306,ENSMUSG00000041308
ENSMUSG00000066196,ENSMUSG00000109224
ENSMUSG00000120175,ENSMUSG00000039004
ENSMUSG00000072974,ENSMUSG00000074482
ENSMUSG00000039763,ENSMUSG00000029352
ENSMUSG00000035829,ENSMUSG00000026547
ENSMUSG00000097276,ENSMUSG00000046993
ENSMUSG00000006641,ENSMUSG00000063177
ENSMUSG00000120241,ENSMUSG00000081871
ENSMUSG00000071181,ENSMUSG00000075590
ENSMUSG00000051499,ENSMUSG00000030187
ENSMUSG00000030446,ENSMUSG00000095865
ENSMUSG00000034164,ENSMUSG00000055413
ENSMUSG00000107531,ENSMUSG00000038147
ENSMUSG00000032564,ENSMUSG00000030199
ENSMUSG00000025578,ENSMUSG00000023186
ENSMUSG00000003352,ENSMUSG00000022965
ENSMUSG00000120976,ENSMUSG00000081151
ENSMUSG00000086807,ENSMUSG00000111329
ENSMUSG00000045464,ENSMUSG00000043889
ENSMUSG00000028487,ENSMUSG00000023961
ENSMUSG00000083111,ENSMUSG00000052397
ENSMUSG00000105834,ENSMUSG00000038968
ENSMUSG00000104999,ENSMUSG00000037722
ENSMUSG00000107742,ENSMUSG00000030403
ENSMUSG00000109810,ENSMUSG00000081952
ENSMUSG00000025727,ENSMUSG00000027630
ENSMUSG00000097287,ENSMUSG00000075000
ENSMUSG00000067928,ENSMUSG00000051790
ENSMUSG00000119957,ENSMUSG00000004328
ENSMUSG00000054945,ENSMUSG00000074622
ENSMUSG00000090257,ENSMUSG00000043008
ENSMUSG00000078234,ENSMUSG00000060068
ENSMUSG00000050714,ENSMUSG00000041134
ENSMUSG00000038422,ENSMUSG00000017132
ENSMUSG00000105741,ENSMUSG00000027433
ENSMUSG00000048096,ENSMUSG00000029700
ENSMUSG00000040134,ENSMUSG00000022385
ENSMUSG00000044066,ENSMUSG00000074978
ENSMUSG00000086331,ENSMUSG00000044813
ENSMUSG00000113361,ENSMUSG00000030677
ENSMUSG00000030170,ENSMUSG00000007041
ENSMUSG00000025656,ENSMUSG00000106166
ENSMUSG00000034532,ENSMUSG00000106205
ENSMUSG00000012429,ENSMUSG00000027111
ENSMUSG00000046667,ENSMUSG00000037211
ENSMUSG00000022211,ENSMUSG00000017446
ENSMUSG00000097061,ENSMUSG00000032497
ENSMUSG00000051098,ENSMUSG00000048636
ENSMUSG00000040852,ENSMUSG00000057967
ENSMUSG00000097383,ENSMUSG00000085355
ENSMUSG00000087404,ENSMUSG00000064120
ENSMUSG00000027983,ENSMUSG00000044471
ENSMUSG00000031891,ENSMUSG00000072844
ENSMUSG00000086119,ENSMUSG00000021428
ENSMUSG00000062470,ENSMUSG00000025481
ENSMUSG00000027130,ENSMUSG00000026158
ENSMUSG00000105719,ENSMUSG00000038555
ENSMUSG00000078532,ENSMUSG00000021109
ENSMUSG00000001095,ENSMUSG00000107950
ENSMUSG00000035780,ENSMUSG00000030149
ENSMUSG00000060336,ENSMUSG00000029229
ENSMUSG00000031253,ENSMUSG00000050533
ENSMUSG00000071679,ENSMUSG00000087230
ENSMUSG00000030276,ENSMUSG00000097125
ENSMUSG00000096054,ENSMUSG00000029512
ENSMUSG00000069743,ENSMUSG00000024383
ENSMUSG00000056258,ENSMUSG00000093826
ENSMUSG00000030319,ENSMUSG00000065954
ENSMUSG00000107194,ENSMUSG00000001166
ENSMUSG00000078648,ENSMUSG00000032334
ENSMUSG00000044795,ENSMUSG00000020580
ENSMUSG00000120290,ENSMUSG00000039942
ENSMUSG00000054893,ENSMUSG00000049872
ENSMUSG00000109946,ENSMUSG00000104449
ENSMUSG00000078903,ENSMUSG00000050931
ENSMUSG00000046818,ENSMUSG00000034040
ENSMUSG00000027246,ENSMUSG00000030203
ENSMUSG00000022179,ENSMUSG00000019842
ENSMUSG00000042797,ENSMUSG00000045136
ENSMUSG00000078878,ENSMUSG00000060487
ENSMUSG00000117980,ENSMUSG00000034684
ENSMUSG00000027524,ENSMUSG00000026436
ENSMUSG00000102813,ENSMUSG00000073988
ENSMUSG00000110161,ENSMUSG00000029513
ENSMUSG00000048481,ENSMUSG00000048865
ENSMUSG00000020364,ENSMUSG00000061048
ENSMUSG00000082588,ENSMUSG00000041642
ENSMUSG00000057396,ENSMUSG00000090946
ENSMUSG00000020682,ENSMUSG00000028793
ENSMUSG00000038241,ENSMUSG00000033644
ENSMUSG00000029603,ENSMUSG00000038151
ENSMUSG00000097762,ENSMUSG00000021432
ENSMUSG00000100967,ENSMUSG00000014444
ENSMUSG00000087368,ENSMUSG00000028836
ENSMUSG00000045746,ENSMUSG00000091705
ENSMUSG00000105851,ENSMUSG00000026596
ENSMUSG00000072640,ENSMUSG00000020941
ENSMUSG00000030737,ENSMUSG00000054675
ENSMUSG00000050022,ENSMUSG00000105519
ENSMUSG00000110156,ENSMUSG00000105632
ENSMUSG00000049823,ENSMUSG00000120633
ENSMUSG00000043257,ENSMUSG00000015224
ENSMUSG00000044819,ENSMUSG00000026672
ENSMUSG00000030532,ENSMUSG00000045827
ENSMUSG00000032727,ENSMUSG00000072969
ENSMUSG00000079042,ENSMUSG00000032020
ENSMUSG00000107909,ENSMUSG00000040136
ENSMUSG00000002908,ENSMUSG00000068101
ENSMUSG00000041700,ENSMUSG00000012123
ENSMUSG00000060771,ENSMUSG00000025190
ENSMUSG00000068877,ENSMUSG00000098188
ENSMUSG00000040732,ENSMUSG00000054256
ENSMUSG00000031255,ENSMUSG00000025509
ENSMUSG00000024525,ENSMUSG00000104388
ENSMUSG00000036599,ENSMUSG00000010095
ENSMUSG00000027242,ENSMUSG00000002831
ENSMUSG00000042515,ENSMUSG00000111905
ENSMUSG00000027858,ENSMUSG00000026875
ENSMUSG00000037541,ENSMUSG00000037679
ENSMUSG00000084899,ENSMUSG00000031803
ENSMUSG00000029600,ENSMUSG00000003032
ENSMUSG00000044199,ENSMUSG00000109879
ENSMUSG00000038259,ENSMUSG00000105107
ENSMUSG00000044231,ENSMUSG00000047731
ENSMUSG00000019301,ENSMUSG00000019997
ENSMUSG00000044702,ENSMUSG00000036931
ENSMUSG00000038570,ENSMUSG00000115852
ENSMUSG00000039976,ENSMUSG00000121227
ENSMUSG00000043631,ENSMUSG00000052013
ENSMUSG00000092592,ENSMUSG00000070729
ENSMUSG00000062944,ENSMUSG00000049001
ENSMUSG00000110256,ENSMUSG00000085078
ENSMUSG00000120681,ENSMUSG00000066278
ENSMUSG00000060261,ENSMUSG00000025058
ENSMUSG00000049357,ENSMUSG00000086481
ENSMUSG00000046280,ENSMUSG00000097994
ENSMUSG00000027274,ENSMUSG00000025795
ENSMUSG00000073752,ENSMUSG00000062157
ENSMUSG00000039661,ENSMUSG00000074813
ENSMUSG00000087022,ENSMUSG00000101438
ENSMUSG00000046186,ENSMUSG00000061186
ENSMUSG00000043300,ENSMUSG00000085006
ENSMUSG00000040710,ENSMUSG00000066797
ENSMUSG00000073437,ENSMUSG00000024524
ENSMUSG00000027386,ENSMUSG00000001995
ENSMUSG00000039242,ENSMUSG00000058126
ENSMUSG00000031700,ENSMUSG00000030595
ENSMUSG00000074355,ENSMUSG00000022754
ENSMUSG00000023147,ENSMUSG00000052681
ENSMUSG00000086628,ENSMUSG00000026177
ENSMUSG00000031903,ENSMUSG00000032940
ENSMUSG00000105556,ENSMUSG00000120764
ENSMUSG00000115756,ENSMUSG00000115783
ENSMUSG00000054252,ENSMUSG00000114607
ENSMUSG00000025386,ENSMUSG00000055172
ENSMUSG00000055733,ENSMUSG00000025491
ENSMUSG00000004187,ENSMUSG00000022468
ENSMUSG00000040061,ENSMUSG00000019947
ENSMUSG00000052396,ENSMUSG00000038276
ENSMUSG00000038390,ENSMUSG00000021886
ENSMUSG00000078719,ENSMUSG00000112808
ENSMUSG00000040537,ENSMUSG00000030124
ENSMUSG00000121717,ENSMUSG00000020905
ENSMUSG00000035868,ENSMUSG00000092511
ENSMUSG00000022428,ENSMUSG00000032081
ENSMUSG00000053178,ENSMUSG00000103867
ENSMUSG00000107608,ENSMUSG00000054717
ENSMUSG00000005043,ENSMUSG00000032593
ENSMUSG00000052102,ENSMUSG00000033885
ENSMUSG00000027356,ENSMUSG00000070427
ENSMUSG00000028453,ENSMUSG00000039316
ENSMUSG00000051747,ENSMUSG00000063406
ENSMUSG00000108660,ENSMUSG00000015396
ENSMUSG00000054226,ENSMUSG00000031538
ENSMUSG00000121241,ENSMUSG00000026072
ENSMUSG00000067276,ENSMUSG00000052557
ENSMUSG00000071604,ENSMUSG00000007476
ENSMUSG00000075273,ENSMUSG00000121458
ENSMUSG00000097823,ENSMUSG00000102331
ENSMUSG00000059323,ENSMUSG00000027999
ENSMUSG00000097692,ENSMUSG00000031825
ENSMUSG00000033256,ENSMUSG00000097640
ENSMUSG00000044700,ENSMUSG00000079339
ENSMUSG00000097571,ENSMUSG00000021281
ENSMUSG00000027387,ENSMUSG00000102840
ENSMUSG00000022844,ENSMUSG00000031503
ENSMUSG00000053080,ENSMUSG00000109495
ENSMUSG00000097793,ENSMUSG00000121111
ENSMUSG00000070469,ENSMUSG00000039384
ENSMUSG00000048878,ENSMUSG00000105694
ENSMUSG00000054514,ENSMUSG00000035910
ENSMUSG00000098066,ENSMUSG00000038393
ENSMUSG00000048371,ENSMUSG00000042901
ENSMUSG00000105687,ENSMUSG00000048120
ENSMUSG00000026308,ENSMUSG00000028718
ENSMUSG00000062980,ENSMUSG00000045569
ENSMUSG00000063179,ENSMUSG00000031604
ENSMUSG00000040387,ENSMUSG00000063286
ENSMUSG00000091972,ENSMUSG00000041378
ENSMUSG00000119994,ENSMUSG00000015305
ENSMUSG00000017412,ENSMUSG00000062825
ENSMUSG00000105340,ENSMUSG00000002289
ENSMUSG00000104569,ENSMUSG00000005950
ENSMUSG00000112189,ENSMUSG00000000732
ENSMUSG00000104784,ENSMUSG00000104291
ENSMUSG00000031669,ENSMUSG00000078153
ENSMUSG00000078653,ENSMUSG00000073876
ENSMUSG00000030553,ENSMUSG00000000120
ENSMUSG00000117102,ENSMUSG00000020893
ENSMUSG00000019768,ENSMUSG00000023236
ENSMUSG00000020639,ENSMUSG00000003545
ENSMUSG00000002324,ENSMUSG00000108732
ENSMUSG00000052688,ENSMUSG00000039234
ENSMUSG00000086015,ENSMUSG00000030064
ENSMUSG00000039706,ENSMUSG00000021273
ENSMUSG00000120169,ENSMUSG00000046168
ENSMUSG00000095545,ENSMUSG00000105962
ENSMUSG00000108883,ENSMUSG00000005836
ENSMUSG00000030699,ENSMUSG00000034595
ENSMUSG00000022774,ENSMUSG00000098374
ENSMUSG00000061411,ENSMUSG00000089726
ENSMUSG00000070337,ENSMUSG00000106208
ENSMUSG00000029601,ENSMUSG00000026064
ENSMUSG00000025726,ENSMUSG00000105201
ENSMUSG00000036863,ENSMUSG00000036123
ENSMUSG00000032889,ENSMUSG00000051435
ENSMUSG00000090963,ENSMUSG00000028843
ENSMUSG00000035126,ENSMUSG00000066554
ENSMUSG00000051444,ENSMUSG00000020023
ENSMUSG00000120675,ENSMUSG00000117877
ENSMUSG00000022490,ENSMUSG00000042757
ENSMUSG00000071893,ENSMUSG00000028980
ENSMUSG00000048240,ENSMUSG00000029003
ENSMUSG00000075304,ENSMUSG00000029622
ENSMUSG00000101337,ENSMUSG00000031799
ENSMUSG00000032377,ENSMUSG00000029084
ENSMUSG00000004231,ENSMUSG00000028883
ENSMUSG00000001870,ENSMUSG00000034731
ENSMUSG00000097626,ENSMUSG00000035299
ENSMUSG00000027424,ENSMUSG00000041135
ENSMUSG00000095362,ENSMUSG00000061981
ENSMUSG00000031294,ENSMUSG00000051341
ENSMUSG00000085498,ENSMUSG00000021591
ENSMUSG00000084998,ENSMUSG00000034675
ENSMUSG00000026925,ENSMUSG00000082185
ENSMUSG00000025198,ENSMUSG00000033987
ENSMUSG00000110105,ENSMUSG00000057561
ENSMUSG00000117505,ENSMUSG00000036057
ENSMUSG00000027316,ENSMUSG00000025959
ENSMUSG00000120315,ENSMUSG00000027381
ENSMUSG00000028860,ENSMUSG00000030849
ENSMUSG00000038695,ENSMUSG00000031490
ENSMUSG00000028312,ENSMUSG00000046169
ENSMUSG00000104528,ENSMUSG00000028978
ENSMUSG00000030956,ENSMUSG00000108736
ENSMUSG00000114255,ENSMUSG00000024659
ENSMUSG00000021880,ENSMUSG00000082088
ENSMUSG00000052407,ENSMUSG00000093553
ENSMUSG00000085235,ENSMUSG00000079197
ENSMUSG00000035863,ENSMUSG00000028645
ENSMUSG00000120359,ENSMUSG00000121483
ENSMUSG00000044816,ENSMUSG00000057367
ENSMUSG00000078864,ENSMUSG00000070942
ENSMUSG00000096546,ENSMUSG00000059498
ENSMUSG00000055305,ENSMUSG00000035960
ENSMUSG00000040795,ENSMUSG00000054321
ENSMUSG00000036473,ENSMUSG00000056643
ENSMUSG00000020520,ENSMUSG00000044645
ENSMUSG00000037752,ENSMUSG00000070473
ENSMUSG00000092335,ENSMUSG00000009585
ENSMUSG00000109398,ENSMUSG00000027852
ENSMUSG00000042589,ENSMUSG00000060591
ENSMUSG00000059975,ENSMUSG00000107894
ENSMUSG00000024169,ENSMUSG00000038594
ENSMUSG00000109311,ENSMUSG00000040133
ENSMUSG00000048603,ENSMUSG00000056515
ENSMUSG00000020513,ENSMUSG00000053004
ENSMUSG00000070425,ENSMUSG00000066800
ENSMUSG00000113585,ENSMUSG00000016024
ENSMUSG00000001942,ENSMUSG00000055602
ENSMUSG00000033594,ENSMUSG00000108414
ENSMUSG00000020100,ENSMUSG00000113737
ENSMUSG00000038347,ENSMUSG00000035941
ENSMUSG00000113047,ENSMUSG00000045322
ENSMUSG00000060397,ENSMUSG00000116908
ENSMUSG00000043219,ENSMUSG00000097195
ENSMUSG00000097908,ENSMUSG00000105071
ENSMUSG00000018459,ENSMUSG00000095040
ENSMUSG00000085956,ENSMUSG00000040522
ENSMUSG00000032194,ENSMUSG00000120149
ENSMUSG00000030031,ENSMUSG00000040297
ENSMUSG00000039741,ENSMUSG00000055809
ENSMUSG00000085767,ENSMUSG00000075705
ENSMUSG00000055923,ENSMUSG00000068227
ENSMUSG00000018999,ENSMUSG00000078134
ENSMUSG00000033910,ENSMUSG00000024521
ENSMUSG00000046840,ENSMUSG00000078771
ENSMUSG00000001774,ENSMUSG00000034437
ENSMUSG00000000056,ENSMUSG00000048163
ENSMUSG00000070574,ENSMUSG00000050628
ENSMUSG00000029524,ENSMUSG00000051397
ENSMUSG00000048138,ENSMUSG00000105703
ENSMUSG00000043789,ENSMUSG00000026421
ENSMUSG00000026858,ENSMUSG00000053846
ENSMUSG00000032649,ENSMUSG00000058672
ENSMUSG00000021245,ENSMUSG00000107225
ENSMUSG00000110185,ENSMUSG00000042406
ENSMUSG00000015599,ENSMUSG00000030103
ENSMUSG00000034800,ENSMUSG00000027454
ENSMUSG00000019235,ENSMUSG00000024833
ENSMUSG00000007783,ENSMUSG00000028864
ENSMUSG00000121493,ENSMUSG00000028370
ENSMUSG00000024301,ENSMUSG00000015090
ENSMUSG00000046550,ENSMUSG00000028413
ENSMUSG00000108446,ENSMUSG00000108601
ENSMUSG00000041329,ENSMUSG00000029314
ENSMUSG00000030551,ENSMUSG00000063652
ENSMUSG00000047757,ENSMUSG00000040711
ENSMUSG00000025243,ENSMUSG00000040322
ENSMUSG00000044072,ENSMUSG00000043681
ENSMUSG00000048281,ENSMUSG00000011114
ENSMUSG00000027577,ENSMUSG00000007613
ENSMUSG00000025209,ENSMUSG00000091269
ENSMUSG00000023909,ENSMUSG00000029484
ENSMUSG00000109199,ENSMUSG00000031896
ENSMUSG00000074282,ENSMUSG00000073418
ENSMUSG00000006567,ENSMUSG00000031502
ENSMUSG00000063488,ENSMUSG00000073460
ENSMUSG00000041559,ENSMUSG00000105655
ENSMUSG00000119959,ENSMUSG00000050777
ENSMUSG00000051008,ENSMUSG00000053862
ENSMUSG00000074738,ENSMUSG00000020121
ENSMUSG00000029636,ENSMUSG00000091387
ENSMUSG00000036622,ENSMUSG00000036777
ENSMUSG00000121134,ENSMUSG00000027456
ENSMUSG00000038543,ENSMUSG00000096965
ENSMUSG00000021203,ENSMUSG00000026074
ENSMUSG00000037982,ENSMUSG00000085148
ENSMUSG00000032766,ENSMUSG00000041417
ENSMUSG00000114019,ENSMUSG00000108955
ENSMUSG00000046574,ENSMUSG00000036249
ENSMUSG00000029428,ENSMUSG00000062296
ENSMUSG00000026047,ENSMUSG00000028840
ENSMUSG00000085558,ENSMUSG00000027377
ENSMUSG00000044867,ENSMUSG00000055835
ENSMUSG00000045639,ENSMUSG00000047139
ENSMUSG00000036832,ENSMUSG00000107019
ENSMUSG00000053192,ENSMUSG00000028163
ENSMUSG00000105449,ENSMUSG00000097060
ENSMUSG00000022519,ENSMUSG00000022237
ENSMUSG00000064225,ENSMUSG00000006014
ENSMUSG00000039021,ENSMUSG00000050721
ENSMUSG00000107402,ENSMUSG00000114689
ENSMUSG00000032373,ENSMUSG00000029919
ENSMUSG00000024891,ENSMUSG00000114282
ENSMUSG00000037621,ENSMUSG00000036672
ENSMUSG00000044968,ENSMUSG00000038530
ENSMUSG00000011427,ENSMUSG00000108954
ENSMUSG00000028933,ENSMUSG00000121034
ENSMUSG00000026730,ENSMUSG00000086245
ENSMUSG00000098176,ENSMUSG00000085189
ENSMUSG00000034071,ENSMUSG00000096472
ENSMUSG00000061894,ENSMUSG00000027306
ENSMUSG00000085696,ENSMUSG00000036136
ENSMUSG00000029575,ENSMUSG00000040428
ENSMUSG00000033722,ENSMUSG00000032238
ENSMUSG00000121067,ENSMUSG00000033545
ENSMUSG00000038637,ENSMUSG00000054582
ENSMUSG00000073002,ENSMUSG00000026686
ENSMUSG00000021013,ENSMUSG00000029552
ENSMUSG00000029401,ENSMUSG00000090222
ENSMUSG00000009145,ENSMUSG00000051498
ENSMUSG00000066235,ENSMUSG00000064147
ENSMUSG00000052392,ENSMUSG00000038567
ENSMUSG00000109161,ENSMUSG00000031024
ENSMUSG00000055134,ENSMUSG00000021215
ENSMUSG00000074340,ENSMUSG00000047875
ENSMUSG00000030409,ENSMUSG00000052760
ENSMUSG00000097119,ENSMUSG00000022575
ENSMUSG00000032086,ENSMUSG00000020547
ENSMUSG00000019467,ENSMUSG00000000776
ENSMUSG00000038569,ENSMUSG00000022912
ENSMUSG00000087352,ENSMUSG00000006570
ENSMUSG00000021509,ENSMUSG00000090173
ENSMUSG00000038893,ENSMUSG00000024857
ENSMUSG00000086502,ENSMUSG00000054404
ENSMUSG00000022604,ENSMUSG00000095620
ENSMUSG00000021697,ENSMUSG00000027994
ENSMUSG00000059395,ENSMUSG00000097534
ENSMUSG00000038576,ENSMUSG00000078942
ENSMUSG00000050786,ENSMUSG00000109539
ENSMUSG00000070371,ENSMUSG00000034652
ENSMUSG00000031274,ENSMUSG00000024308
ENSMUSG00000011382,ENSMUSG00000032269
ENSMUSG00000097397,ENSMUSG00000121501
ENSMUSG00000034037,ENSMUSG00000035274
ENSMUSG00000108181,ENSMUSG00000029591
ENSMUSG00000051652,ENSMUSG00000031995
ENSMUSG00000067424,ENSMUSG00000023087
ENSMUSG00000066000,ENSMUSG00000027952
ENSMUSG00000120837,ENSMUSG00000050953
ENSMUSG00000029557,ENSMUSG00000039364
ENSMUSG00000018909,ENSMUSG00000024558
ENSMUSG00000063047,ENSMUSG00000028337
ENSMUSG00000029553,ENSMUSG00000027940
ENSMUSG00000035206,ENSMUSG00000091586
ENSMUSG00000030796,ENSMUSG00000015745
ENSMUSG00000031389,ENSMUSG00000022863
ENSMUSG00000020698,ENSMUSG00000030681
ENSMUSG00000033327,ENSMUSG00000030878
ENSMUSG00000008734,ENSMUSG00000120016
ENSMUSG00000027933,ENSMUSG00000092837
ENSMUSG00000022485,ENSMUSG00000040613
ENSMUSG00000045287,ENSMUSG00000034987
ENSMUSG00000085451,ENSMUSG00000001542
ENSMUSG00000038227,ENSMUSG00000118057
ENSMUSG00000052957,ENSMUSG00000102270
ENSMUSG00000046010,ENSMUSG00000041773
ENSMUSG00000037773,ENSMUSG00000004508
ENSMUSG00000070709,ENSMUSG00000040751
ENSMUSG00000045165,ENSMUSG00000018171
ENSMUSG00000053730,ENSMUSG00000022037
ENSMUSG00000035578,ENSMUSG00000024873
ENSMUSG00000107319,ENSMUSG00000049649
ENSMUSG00000038738,ENSMUSG00000030254
ENSMUSG00000007021,ENSMUSG00000052477
ENSMUSG00000075389,ENSMUSG00000018920
ENSMUSG00000057265,ENSMUSG00000044165
ENSMUSG00000053714,ENSMUSG00000028028
ENSMUSG00000048478,ENSMUSG00000006411
ENSMUSG00000038515,ENSMUSG00000021871
ENSMUSG00000058589,ENSMUSG00000049866
ENSMUSG00000091474,ENSMUSG00000065353
ENSMUSG00000024170,ENSMUSG00000062991
ENSMUSG00000002343,ENSMUSG00000040714
ENSMUSG00000096687,ENSMUSG00000034438
ENSMUSG00000013236,ENSMUSG00000005667
ENSMUSG00000121347,ENSMUSG00000029223
ENSMUSG00000058656,ENSMUSG00000094796
ENSMUSG00000047284,ENSMUSG00000001768
ENSMUSG00000004105,ENSMUSG00000020205
ENSMUSG00000039781,ENSMUSG00000041598
ENSMUSG00000007950,ENSMUSG00000105161
ENSMUSG00000116561,ENSMUSG00000112734
ENSMUSG00000100594,ENSMUSG00000038612
ENSMUSG00000033126,ENSMUSG00000017057
ENSMUSG00000020069,ENSMUSG00000031284
ENSMUSG00000119989,ENSMUSG00000041673
ENSMUSG00000031609,ENSMUSG00000040329
ENSMUSG00000097316,ENSMUSG00000027435
ENSMUSG00000014778,ENSMUSG00000109157
ENSMUSG00000068299,ENSMUSG00000097636
ENSMUSG00000020309,ENSMUSG00000041548
ENSMUSG00000029029,ENSMUSG00000020130
ENSMUSG00000037784,ENSMUSG00000097635
ENSMUSG00000121653,ENSMUSG00000058392
ENSMUSG00000044991,ENSMUSG00000036206
ENSMUSG00000058620,ENSMUSG00000056144
ENSMUSG00000020553,ENSMUSG00000103469
ENSMUSG00000033032,ENSMUSG00000056124
ENSMUSG00000084808,ENSMUSG00000032068
ENSMUSG00000110010,ENSMUSG00000078249
ENSMUSG00000051373,ENSMUSG00000069662
ENSMUSG00000030030,ENSMUSG00000043439
ENSMUSG00000113440,ENSMUSG00000031298
ENSMUSG00000047603,ENSMUSG00000055003
ENSMUSG00000085881,ENSMUSG00000110245
ENSMUSG00000063849,ENSMUSG00000121075
ENSMUSG00000071103,ENSMUSG00000020704
ENSMUSG00000044807,ENSMUSG00000037465
ENSMUSG00000020953,ENSMUSG00000121309
ENSMUSG00000031391,ENSMUSG00000028655
ENSMUSG00000048895,ENSMUSG00000049288
ENSMUSG00000083856,ENSMUSG00000044626
ENSMUSG00000035357,ENSMUSG00000052040
ENSMUSG00000026587,ENSMUSG00000029752
ENSMUSG00000030257,ENSMUSG00000027219
ENSMUSG00000055494,ENSMUSG00000000627
ENSMUSG00000092558,ENSMUSG00000024222
ENSMUSG00000028698,ENSMUSG00000112186
ENSMUSG00000096852,ENSMUSG00000004951
ENSMUSG00000027259,ENSMUSG00000115124
ENSMUSG00000044681,ENSMUSG00000027570
ENSMUSG00000093930,ENSMUSG00000038467
ENSMUSG00000025026,ENSMUSG00000020250
ENSMUSG00000068115,ENSMUSG00000085894
ENSMUSG00000013367,ENSMUSG00000017737
ENSMUSG00000118100,ENSMUSG00000071714
ENSMUSG00000051984,ENSMUSG00000085873
ENSMUSG00000040447,ENSMUSG00000026271
ENSMUSG00000032470,ENSMUSG00000053687
ENSMUSG00000057469,ENSMUSG00000116614
ENSMUSG00000074519,ENSMUSG00000020573
ENSMUSG00000048706,ENSMUSG00000027540
ENSMUSG00000038415,ENSMUSG00000097069
ENSMUSG00000068854,ENSMUSG00000078915
ENSMUSG00000020846,ENSMUSG00000023034
ENSMUSG00000110529,ENSMUSG00000026880
ENSMUSG00000119945,ENSMUSG00000030793
ENSMUSG00000066113,ENSMUSG00000027947
ENSMUSG00000032105,ENSMUSG00000017716
ENSMUSG00000078862,ENSMUSG00000022864
ENSMUSG00000004655,ENSMUSG00000084796
ENSMUSG00000032726,ENSMUSG00000041235
ENSMUSG00000031949,ENSMUSG00000115196
ENSMUSG00000041351,ENSMUSG00000120276
ENSMUSG00000083964,ENSMUSG00000032712
ENSMUSG00000085945,ENSMUSG00000106558
ENSMUSG00000103143,ENSMUSG00000018965
ENSMUSG00000022994,ENSMUSG00000037217
ENSMUSG00000102644,ENSMUSG00000120849
ENSMUSG00000030337,ENSMUSG00000044083
ENSMUSG00000086077,ENSMUSG00000105636
ENSMUSG00000058454,ENSMUSG00000014353
ENSMUSG00000120970,ENSMUSG00000061232
ENSMUSG00000053297,ENSMUSG00000036894
ENSMUSG00000049191,ENSMUSG00000090215
ENSMUSG00000087543,ENSMUSG00000025877
ENSMUSG00000033590,ENSMUSG00000024087
ENSMUSG00000025537,ENSMUSG00000022895
ENSMUSG00000034601,ENSMUSG00000113640
ENSMUSG00000114871,ENSMUSG00000037833
ENSMUSG00000033313,ENSMUSG00000028583
ENSMUSG00000067629,ENSMUSG00000110697
ENSMUSG00000030800,ENSMUSG00000031871
ENSMUSG00000050914,ENSMUSG00000042659
ENSMUSG00000096370,ENSMUSG00000108291
ENSMUSG00000097281,ENSMUSG00000055447
ENSMUSG00000050947,ENSMUSG00000025283
ENSMUSG00000002006,ENSMUSG00000051495
ENSMUSG00000025231,ENSMUSG00000074213
ENSMUSG00000005958,ENSMUSG00000114432
ENSMUSG00000044835,ENSMUSG00000038352
ENSMUSG00000005640,ENSMUSG00000022637
ENSMUSG00000046807,ENSMUSG00000029171
ENSMUSG00000070867,ENSMUSG00000097990
ENSMUSG00000021884,ENSMUSG00000036181
ENSMUSG00000093436,ENSMUSG00000042759
ENSMUSG00000036764,ENSMUSG00000106121
ENSMUSG00000107182,ENSMUSG00000081583
ENSMUSG00000046082,ENSMUSG00000105813
ENSMUSG00000019831,ENSMUSG00000112844
ENSMUSG00000030614,ENSMUSG00000034463
ENSMUSG00000047371,ENSMUSG00000048915
ENSMUSG00000007338,ENSMUSG00000086813
ENSMUSG00000027071,ENSMUSG00000024843
ENSMUSG00000027690,ENSMUSG00000033467
ENSMUSG00000025207,ENSMUSG00000043017
ENSMUSG00000043487,ENSMUSG00000096592
ENSMUSG00000020930,ENSMUSG00000114470
ENSMUSG00000038644,ENSMUSG00000030830
ENSMUSG00000059479,ENSMUSG00000028613
ENSMUSG00000036875,ENSMUSG00000104094
ENSMUSG00000104761,ENSMUSG00000044854
ENSMUSG00000097343,ENSMUSG00000038213
ENSMUSG00000015474,ENSMUSG00000052560
ENSMUSG00000016386,ENSMUSG00000112980
ENSMUSG00000025626,ENSMUSG00000027074
ENSMUSG00000025505,ENSMUSG00000094388
ENSMUSG00000045268,ENSMUSG00000032350
ENSMUSG00000036862,ENSMUSG00000026077
ENSMUSG00000034771,ENSMUSG00000097828
ENSMUSG00000059022,ENSMUSG00000046768
ENSMUSG00000020072,ENSMUSG00000026640
ENSMUSG00000030322,ENSMUSG00000032254
ENSMUSG00000021981,ENSMUSG00000030711
ENSMUSG00000097944,ENSMUSG00000020077
ENSMUSG00000050556,ENSMUSG00000085204
ENSMUSG00000024426,ENSMUSG00000022816
ENSMUSG00000059772,ENSMUSG00000024427
ENSMUSG00000043243,ENSMUSG00000007033
ENSMUSG00000034041,ENSMUSG00000011008
ENSMUSG00000042564,ENSMUSG00000048807
ENSMUSG00000028344,ENSMUSG00000047501
ENSMUSG00000060639,ENSMUSG00000117545
ENSMUSG00000041566,ENSMUSG00000079491
ENSMUSG00000028243,ENSMUSG00000079227
ENSMUSG00000085227,ENSMUSG00000042743
ENSMUSG00000120844,ENSMUSG00000066684
ENSMUSG00000022099,ENSMUSG00000020611
ENSMUSG00000028536,ENSMUSG00000093577
ENSMUSG00000029675,ENSMUSG00000042129
ENSMUSG00000057894,ENSMUSG00000107086
ENSMUSG00000004473,ENSMUSG00000120786
ENSMUSG00000038080,ENSMUSG00000008318
ENSMUSG00000047473,ENSMUSG00000098708
ENSMUSG00000045414,ENSMUSG00000059866
ENSMUSG00000042942,ENSMUSG00000029581
ENSMUSG00000050555,ENSMUSG00000058625
ENSMUSG00000114172,ENSMUSG00000079105
ENSMUSG00000030347,ENSMUSG00000029075
ENSMUSG00000068686,ENSMUSG00000056025
ENSMUSG00000097254,ENSMUSG00000042306
ENSMUSG00000027784,ENSMUSG00000042333
ENSMUSG00000041684,ENSMUSG00000030669
ENSMUSG00000043168,ENSMUSG00000044067
ENSMUSG00000031828,ENSMUSG00000037638
ENSMUSG00000037780,ENSMUSG00000115338
ENSMUSG00000108358,ENSMUSG00000027171
ENSMUSG00000047205,ENSMUSG00000091549
ENSMUSG00000020268,ENSMUSG00000000915
ENSMUSG00000022571,ENSMUSG00000036718
ENSMUSG00000037617,ENSMUSG00000112008
ENSMUSG00000034110,ENSMUSG00000045777
ENSMUSG00000053286,ENSMUSG00000025887
ENSMUSG00000045954,ENSMUSG00000031342
ENSMUSG00000031380,ENSMUSG00000044827
ENSMUSG00000036813,ENSMUSG00000042734
ENSMUSG00000033065,ENSMUSG00000015652
ENSMUSG00000120002,ENSMUSG00000032265
ENSMUSG00000032782,ENSMUSG00000121318
ENSMUSG00000037243,ENSMUSG00000104030
ENSMUSG00000029838,ENSMUSG00000000555
ENSMUSG00000055435,ENSMUSG00000052584
ENSMUSG00000073755,ENSMUSG00000000275
ENSMUSG00000022324,ENSMUSG00000000290
ENSMUSG00000024534,ENSMUSG00000021067
ENSMUSG00000110945,ENSMUSG00000045763
ENSMUSG00000029167,ENSMUSG00000087373
ENSMUSG00000097893,ENSMUSG00000026088
ENSMUSG00000103932,ENSMUSG00000121093
ENSMUSG00000038949,ENSMUSG00000031167
ENSMUSG00000037251,ENSMUSG00000022945
ENSMUSG00000074166,ENSMUSG00000110404
ENSMUSG00000052160,ENSMUSG00000116657
ENSMUSG00000056665,ENSMUSG00000032802
ENSMUSG00000043090,ENSMUSG00000031963
ENSMUSG00000086075,ENSMUSG00000086841
ENSMUSG00000052673,ENSMUSG00000059714
ENSMUSG00000058402,ENSMUSG00000097134
ENSMUSG00000033697,ENSMUSG00000120260
ENSMUSG00000034487,ENSMUSG00000028195
ENSMUSG00000048458,ENSMUSG00000087475
ENSMUSG00000038782,ENSMUSG00000053044
ENSMUSG00000021974,ENSMUSG00000019876
ENSMUSG00000036304,ENSMUSG00000000682
ENSMUSG00000034255,ENSMUSG00000036986
ENSMUSG00000050973,ENSMUSG00000005763
ENSMUSG00000038425,ENSMUSG00000070002
ENSMUSG00000035713,ENSMUSG00000066682
ENSMUSG00000109165,ENSMUSG00000109841
ENSMUSG00000036882,ENSMUSG00000021678
ENSMUSG00000034160,ENSMUSG00000097016
ENSMUSG00000026870,ENSMUSG00000021453
ENSMUSG00000032579,ENSMUSG00000108801
ENSMUSG00000050428,ENSMUSG00000097729
ENSMUSG00000111128,ENSMUSG00000055421
ENSMUSG00000036959,ENSMUSG00000037242
ENSMUSG00000061759,ENSMUSG00000103041
ENSMUSG00000041966,ENSMUSG00000063628
ENSMUSG00000064202,ENSMUSG00000015501
ENSMUSG00000024897,ENSMUSG00000040010
ENSMUSG00000034226,ENSMUSG00000032091
ENSMUSG00000055053,ENSMUSG00000090165
ENSMUSG00000112280,ENSMUSG00000104888
ENSMUSG00000067813,ENSMUSG00000099354
ENSMUSG00000020787,ENSMUSG00000116652
ENSMUSG00000113424,ENSMUSG00000073411
ENSMUSG00000039254,ENSMUSG00000028967
ENSMUSG00000009378,ENSMUSG00000010067
ENSMUSG00000105135,ENSMUSG00000115275
ENSMUSG00000087578,ENSMUSG00000031880
ENSMUSG00000100213,ENSMUSG00000042750
ENSMUSG00000116936,ENSMUSG00000021260
ENSMUSG00000021313,ENSMUSG00000029373
ENSMUSG00000114613,ENSMUSG00000021360
ENSMUSG00000053226,ENSMUSG00000026622
ENSMUSG00000097145,ENSMUSG00000019866
ENSMUSG00000101225,ENSMUSG00000030148
ENSMUSG00000043346,ENSMUSG00000047061
ENSMUSG00000037640,ENSMUSG00000097805
ENSMUSG00000120873,ENSMUSG00000037868
ENSMUSG00000027965,ENSMUSG00000073144
ENSMUSG00000028093,ENSMUSG00000027611
ENSMUSG00000044367,ENSMUSG00000015981
ENSMUSG00000116720,ENSMUSG00000087107
ENSMUSG00000019718,ENSMUSG00000027639
ENSMUSG00000031060,ENSMUSG00000075707
ENSMUSG00000020288,ENSMUSG00000046711
ENSMUSG00000019813,ENSMUSG00000031504
ENSMUSG00000031214,ENSMUSG00000038552
ENSMUSG00000019763,ENSMUSG00000106547
ENSMUSG00000037455,ENSMUSG00000090958
ENSMUSG00000024177,ENSMUSG00000021411
ENSMUSG00000107705,ENSMUSG00000071005
ENSMUSG00000066191,ENSMUSG00000106751
ENSMUSG00000030768,ENSMUSG00000025888
ENSMUSG00000003680,ENSMUSG00000058470
ENSMUSG00000025127,ENSMUSG00000041605
ENSMUSG00000021414,ENSMUSG00000120404
ENSMUSG00000079293,ENSMUSG00000021754
ENSMUSG00000075307,ENSMUSG00000022947
ENSMUSG00000037408,ENSMUSG00000032322
ENSMUSG00000032537,ENSMUSG00000022548
ENSMUSG00000054640,ENSMUSG00000026222
ENSMUSG00000020340,ENSMUSG00000032446
ENSMUSG00000034312,ENSMUSG00000083161
ENSMUSG00000027314,ENSMUSG00000071076
ENSMUSG00000034570,ENSMUSG00000024042
ENSMUSG00000025145,ENSMUSG00000108238
ENSMUSG00000086040,ENSMUSG00000112254
ENSMUSG00000029556,ENSMUSG00000028381
ENSMUSG00000069184,ENSMUSG00000109905
ENSMUSG00000030680,ENSMUSG00000049086
ENSMUSG00000009731,ENSMUSG00000031639
ENSMUSG00000117039,ENSMUSG00000097572
ENSMUSG00000029657,ENSMUSG00000032089
ENSMUSG00000024505,ENSMUSG00000091754
ENSMUSG00000078870,ENSMUSG00000049804
ENSMUSG00000050097,ENSMUSG00000066760
ENSMUSG00000078552,ENSMUSG00000046805
ENSMUSG00000021327,ENSMUSG00000021036
ENSMUSG00000078588,ENSMUSG00000085415
ENSMUSG00000062040,ENSMUSG00000027829
ENSMUSG00000043398,ENSMUSG00000030341
ENSMUSG00000021222,ENSMUSG00000026479
ENSMUSG00000036968,ENSMUSG00000039853
ENSMUSG00000039164,ENSMUSG00000022221
ENSMUSG00000038365,ENSMUSG00000053819
ENSMUSG00000020747,ENSMUSG00000087433
ENSMUSG00000120079,ENSMUSG00000024750
ENSMUSG00000030515,ENSMUSG00000006445
ENSMUSG00000031618,ENSMUSG00000049401
ENSMUSG00000026627,ENSMUSG00000028885
ENSMUSG00000054708,ENSMUSG00000057280
ENSMUSG00000051736,ENSMUSG00000056290
ENSMUSG00000003344,ENSMUSG00000111847
ENSMUSG00000013033,ENSMUSG00000022901
ENSMUSG00000086390,ENSMUSG00000064267
ENSMUSG00000112332,ENSMUSG00000016206
ENSMUSG00000040351,ENSMUSG00000093580
ENSMUSG00000056870,ENSMUSG00000105542
ENSMUSG00000045362,ENSMUSG00000041920
ENSMUSG00000043290,ENSMUSG00000057143
ENSMUSG00000049717,ENSMUSG00000048329
ENSMUSG00000006517,ENSMUSG00000027951
ENSMUSG00000108435,ENSMUSG00000103865
ENSMUSG00000103976,ENSMUSG00000002083
ENSMUSG00000047963,ENSMUSG00000110537
ENSMUSG00000029438,ENSMUSG00000002307
ENSMUSG00000019845,ENSMUSG00000001227
ENSMUSG00000026860,ENSMUSG00000007659
ENSMUSG00000078889,ENSMUSG00000018569
ENSMUSG00000029560,ENSMUSG00000041959
ENSMUSG00000022525,ENSMUSG00000102776
ENSMUSG00000019913,ENSMUSG00000019979
ENSMUSG00000064061,ENSMUSG00000068758
ENSMUSG00000037669,ENSMUSG00000026630
ENSMUSG00000051980,ENSMUSG00000093485
ENSMUSG00000092183,ENSMUSG00000008496
ENSMUSG00000040189,ENSMUSG00000045349
ENSMUSG00000031129,ENSMUSG00000033880
ENSMUSG00000039485,ENSMUSG00000113536
ENSMUSG00000055980,ENSMUSG00000002910
ENSMUSG00000028212,ENSMUSG00000072235
ENSMUSG00000008226,ENSMUSG00000051076
ENSMUSG00000112627,ENSMUSG00000103085
ENSMUSG00000042426,ENSMUSG00000036053
ENSMUSG00000031665,ENSMUSG00000028771
ENSMUSG00000063698,ENSMUSG00000048905
ENSMUSG00000023274,ENSMUSG00000030208
ENSMUSG00000109108,ENSMUSG00000085501
ENSMUSG00000120187,ENSMUSG00000056708
ENSMUSG00000028476,ENSMUSG00000003051
ENSMUSG00000024697,ENSMUSG00000027520
ENSMUSG00000004462,ENSMUSG00000074004
ENSMUSG00000039543,ENSMUSG00000031662
ENSMUSG00000030600,ENSMUSG00000039501
ENSMUSG00000029392,ENSMUSG00000044469
ENSMUSG00000020160,ENSMUSG00000025473
ENSMUSG00000107068,ENSMUSG00000070803
ENSMUSG00000076434,ENSMUSG00000020484
ENSMUSG00000068740,ENSMUSG00000106022
ENSMUSG00000073728,ENSMUSG00000020427
ENSMUSG00000037762,ENSMUSG00000030748
ENSMUSG00000048497,ENSMUSG00000075408
ENSMUSG00000022325,ENSMUSG00000027613
ENSMUSG00000026172,ENSMUSG00000042349
ENSMUSG00000073413,ENSMUSG00000027333
ENSMUSG00000021592,ENSMUSG00000050921
ENSMUSG00000043811,ENSMUSG00000021477
ENSMUSG00000043969,ENSMUSG00000031681
ENSMUSG00000097121,ENSMUSG00000006724
ENSMUSG00000021186,ENSMUSG00000115801
ENSMUSG00000031355,ENSMUSG00000030650
ENSMUSG00000046603,ENSMUSG00000091993
ENSMUSG00000121374,ENSMUSG00000044748
ENSMUSG00000020297,ENSMUSG00000112368
ENSMUSG00000102302,ENSMUSG00000101750
ENSMUSG00000030008,ENSMUSG00000051748
ENSMUSG00000090626,ENSMUSG00000018986
ENSMUSG00000050447,ENSMUSG00000103309
ENSMUSG00000121819,ENSMUSG00000021701
ENSMUSG00000018372,ENSMUSG00000060441
ENSMUSG00000023959,ENSMUSG00000024539
ENSMUSG00000023764,ENSMUSG00000047669
ENSMUSG00000112129,ENSMUSG00000080198
ENSMUSG00000104737,ENSMUSG00000023484
ENSMUSG00000063765,ENSMUSG00000027824
ENSMUSG00000032718,ENSMUSG00000015950
ENSMUSG00000035472,ENSMUSG00000020437
ENSMUSG00000072662,ENSMUSG00000018143
ENSMUSG00000058192,ENSMUSG00000028459
ENSMUSG00000048482,ENSMUSG00000025161
ENSMUSG00000087213,ENSMUSG00000062480
ENSMUSG00000041298,ENSMUSG00000030852
ENSMUSG00000118071,ENSMUSG00000028834
ENSMUSG00000085891,ENSMUSG00000031150
ENSMUSG00000024013,ENSMUSG00000025064
ENSMUSG00000066037,ENSMUSG00000115149
ENSMUSG00000012076,ENSMUSG00000023868
ENSMUSG00000033191,ENSMUSG00000042688
ENSMUSG00000034472,ENSMUSG00000082419
ENSMUSG00000039765,ENSMUSG00000031278
ENSMUSG00000085651,ENSMUSG00000085211
ENSMUSG00000121881,ENSMUSG00000013766
ENSMUSG00000024135,ENSMUSG00000104432
ENSMUSG00000037905,ENSMUSG00000026180
ENSMUSG00000050677,ENSMUSG00000025515
ENSMUSG00000002688,ENSMUSG00000038059
ENSMUSG00000121418,ENSMUSG00000089952
ENSMUSG00000061536,ENSMUSG00000070424
ENSMUSG00000032606,ENSMUSG00000034551
ENSMUSG00000034538,ENSMUSG00000027859
ENSMUSG00000021806,ENSMUSG00000026839
ENSMUSG00000021822,ENSMUSG00000024164
ENSMUSG00000079560,ENSMUSG00000045193
ENSMUSG00000049600,ENSMUSG00000091639
ENSMUSG00000121730,ENSMUSG00000090272
ENSMUSG00000075592,ENSMUSG00000068196
ENSMUSG00000036864,ENSMUSG00000000791
ENSMUSG00000026333,ENSMUSG00000003541
ENSMUSG00000047654,ENSMUSG00000004709
ENSMUSG00000029650,ENSMUSG00000039328
ENSMUSG00000045467,ENSMUSG00000049303
ENSMUSG00000079469,ENSMUSG00000016528
ENSMUSG00000114045,ENSMUSG00000038732
ENSMUSG00000018740,ENSMUSG00000033967
ENSMUSG00000078995,ENSMUSG00000047810
ENSMUSG00000090273,ENSMUSG00000027868
ENSMUSG00000054723,ENSMUSG00000117310
ENSMUSG00000032103,ENSMUSG00000039997
ENSMUSG00000038641,ENSMUSG00000048534
ENSMUSG00000031659,ENSMUSG00000036899
ENSMUSG00000102153,ENSMUSG00000042726
ENSMUSG00000015467,ENSMUSG00000102719
ENSMUSG00000046380,ENSMUSG00000050335
ENSMUSG00000070348,ENSMUSG00000121090
ENSMUSG00000073176,ENSMUSG00000121142
ENSMUSG00000027699,ENSMUSG00000040128
ENSMUSG00000024921,ENSMUSG00000052684
ENSMUSG00000027253,ENSMUSG00000110720
ENSMUSG00000018405,ENSMUSG00000026821
ENSMUSG00000046567,ENSMUSG00000029762
ENSMUSG00000031196,ENSMUSG00000035621
ENSMUSG00000033233,ENSMUSG00000039960
ENSMUSG00000058883,ENSMUSG00000022181
ENSMUSG00000025742,ENSMUSG00000020892
ENSMUSG00000046334,ENSMUSG00000024927
ENSMUSG00000041115,ENSMUSG00000105510
ENSMUSG00000024955,ENSMUSG00000025804
ENSMUSG00000010760,ENSMUSG00000032369
ENSMUSG00000071660,ENSMUSG00000062017
ENSMUSG00000038836,ENSMUSG00000067786
ENSMUSG00000046949,ENSMUSG00000024842
ENSMUSG00000035062,ENSMUSG00000026773
ENSMUSG00000037022,ENSMUSG00000103220
ENSMUSG00000041354,ENSMUSG00000022372
ENSMUSG00000018547,ENSMUSG00000028037
ENSMUSG00000121096,ENSMUSG00000032125
ENSMUSG00000118125,ENSMUSG00000114635
ENSMUSG00000036339,ENSMUSG00000022218
ENSMUSG00000000305,ENSMUSG00000069862
ENSMUSG00000041975,ENSMUSG00000043091
ENSMUSG00000023050,ENSMUSG00000027322
ENSMUSG00000022610,ENSMUSG00000033576
ENSMUSG00000025766,ENSMUSG00000024778
ENSMUSG00000028182,ENSMUSG00000045092
ENSMUSG00000015702,ENSMUSG00000037876
ENSMUSG00000031864,ENSMUSG00000053641
ENSMUSG00000019647,ENSMUSG00000021250
ENSMUSG00000047759,ENSMUSG00000017009
ENSMUSG00000020137,ENSMUSG00000022686
ENSMUSG00000094936,ENSMUSG00000028327
ENSMUSG00000048334,ENSMUSG00000087008
ENSMUSG00000038168,ENSMUSG00000057729
ENSMUSG00000030222,ENSMUSG00000051146
ENSMUSG00000029685,ENSMUSG00000121503
ENSMUSG00000038486,ENSMUSG00000040528
ENSMUSG00000024276,ENSMUSG00000105774
ENSMUSG00000072494,ENSMUSG00000040675
ENSMUSG00000040327,ENSMUSG00000015879
ENSMUSG00000044783,ENSMUSG00000041471
ENSMUSG00000026814,ENSMUSG00000044244
ENSMUSG00000050248,ENSMUSG00000106209
ENSMUSG00000026921,ENSMUSG00000029868
ENSMUSG00000035158,ENSMUSG00000099137
ENSMUSG00000051427,ENSMUSG00000002325
ENSMUSG00000020899,ENSMUSG00000038172
ENSMUSG00000040146,ENSMUSG00000032508
ENSMUSG00000117171,ENSMUSG00000026204
ENSMUSG00000105852,ENSMUSG00000024640
ENSMUSG00000098132,ENSMUSG00000032902
ENSMUSG00000024228,ENSMUSG00000110386
ENSMUSG00000025377,ENSMUSG00000042507
ENSMUSG00000085315,ENSMUSG00000100658
ENSMUSG00000062785,ENSMUSG00000117294
ENSMUSG00000041445,ENSMUSG00000039252
ENSMUSG00000040943,ENSMUSG00000022270
ENSMUSG00000039738,ENSMUSG00000078816
ENSMUSG00000027428,ENSMUSG00000114285
ENSMUSG00000086213,ENSMUSG00000039313
ENSMUSG00000079467,ENSMUSG00000113581
ENSMUSG00000055660,ENSMUSG00000021298
ENSMUSG00000025262,ENSMUSG00000107017
ENSMUSG00000112110,ENSMUSG00000029862
ENSMUSG00000033068,ENSMUSG00000022831
ENSMUSG00000024331,ENSMUSG00000081249
ENSMUSG00000022668,ENSMUSG00000102151
ENSMUSG00000018845,ENSMUSG00000056608
ENSMUSG00000002017,ENSMUSG00000044309
ENSMUSG00000036975,ENSMUSG00000036225
ENSMUSG00000042106,ENSMUSG00000069083
ENSMUSG00000036534,ENSMUSG00000021493
ENSMUSG00000024790,ENSMUSG00000116604
ENSMUSG00000018401,ENSMUSG00000028341
ENSMUSG00000041688,ENSMUSG00000102700
ENSMUSG00000073415,ENSMUSG00000097414
ENSMUSG00000045757,ENSMUSG00000036492
ENSMUSG00000111547,ENSMUSG00000024529
ENSMUSG00000021902,ENSMUSG00000109051
ENSMUSG00000048200,ENSMUSG00000102713
ENSMUSG00000095930,ENSMUSG00000044350
ENSMUSG00000021461,ENSMUSG00000030966
ENSMUSG00000022838,ENSMUSG00000050350
ENSMUSG00000032777,ENSMUSG00000105195
ENSMUSG00000036980,ENSMUSG00000068417
ENSMUSG00000025574,ENSMUSG00000108122
ENSMUSG00000024592,ENSMUSG00000037202
ENSMUSG00000026944,ENSMUSG00000002111
ENSMUSG00000020781,ENSMUSG00000026483
ENSMUSG00000094595,ENSMUSG00000049130
ENSMUSG00000108037,ENSMUSG00000021127
ENSMUSG00000072770,ENSMUSG00000044441
ENSMUSG00000074358,ENSMUSG00000115087
ENSMUSG00000019945,ENSMUSG00000032487
ENSMUSG00000032489,ENSMUSG00000020848
ENSMUSG00000091900,ENSMUSG00000049723
ENSMUSG00000042340,ENSMUSG00000115882
ENSMUSG00000026188,ENSMUSG00000068452
ENSMUSG00000074916,ENSMUSG00000000562
ENSMUSG00000049038,ENSMUSG00000003617
ENSMUSG00000057778,ENSMUSG00000038670
ENSMUSG00000091648,ENSMUSG00000022952
ENSMUSG00000120382,ENSMUSG00000109198
ENSMUSG00000083819,ENSMUSG00000024339
ENSMUSG00000021719,ENSMUSG00000028633
ENSMUSG00000079261,ENSMUSG00000030427
ENSMUSG00000005718,ENSMUSG00000002233
ENSMUSG00000037890,ENSMUSG00000044313
ENSMUSG00000020420,ENSMUSG00000004609
ENSMUSG00000012609,ENSMUSG00000076431
ENSMUSG00000063320,ENSMUSG00000025225
ENSMUSG00000040543,ENSMUSG00000018774
ENSMUSG00000035367,ENSMUSG00000030022
ENSMUSG00000085433,ENSMUSG00000073804
ENSMUSG00000073478,ENSMUSG00000022586
ENSMUSG00000041482,ENSMUSG00000002578
ENSMUSG00000052446,ENSMUSG00000069893
ENSMUSG00000021275,ENSMUSG00000050075
ENSMUSG00000040479,ENSMUSG00000101628
ENSMUSG00000009394,ENSMUSG00000026670
ENSMUSG00000021221,ENSMUSG00000044927
ENSMUSG00000021650,ENSMUSG00000063889
ENSMUSG00000072893,ENSMUSG00000026770
ENSMUSG00000050668,ENSMUSG00000078606
ENSMUSG00000028261,ENSMUSG00000103558
ENSMUSG00000031072,ENSMUSG00000032327
ENSMUSG00000027677,ENSMUSG00000030787
ENSMUSG00000029843,ENSMUSG00000105572
ENSMUSG00000000942,ENSMUSG00000093622
ENSMUSG00000025870,ENSMUSG00000040511
ENSMUSG00000026496,ENSMUSG00000114277
ENSMUSG00000002625,ENSMUSG00000104126
ENSMUSG00000032898,ENSMUSG00000028778
ENSMUSG00000033669,ENSMUSG00000032596
ENSMUSG00000032066,ENSMUSG00000031750
ENSMUSG00000025083,ENSMUSG00000026749
ENSMUSG00000110234,ENSMUSG00000034112
ENSMUSG00000021918,ENSMUSG00000034116
ENSMUSG00000120308,ENSMUSG00000008307
ENSMUSG00000086370,ENSMUSG00000078954
ENSMUSG00000030243,ENSMUSG00000037443
ENSMUSG00000025269,ENSMUSG00000033220
ENSMUSG00000027463,ENSMUSG00000024014
ENSMUSG00000050640,ENSMUSG00000089999
ENSMUSG00000051890,ENSMUSG00000118423
ENSMUSG00000019539,ENSMUSG00000035179
ENSMUSG00000037085,ENSMUSG00000057137
ENSMUSG00000029060,ENSMUSG00000120071
ENSMUSG00000080727,ENSMUSG00000109005
ENSMUSG00000087598,ENSMUSG00000040663
ENSMUSG00000022515,ENSMUSG00000044786
ENSMUSG00000043872,ENSMUSG00000106475
ENSMUSG00000019878,ENSMUSG00000026946
ENSMUSG00000058006,ENSMUSG00000039701
ENSMUSG00000087132,ENSMUSG00000045868
ENSMUSG00000038648,ENSMUSG00000063268
ENSMUSG00000097835,ENSMUSG00000086765
ENSMUSG00000058056,ENSMUSG00000055994
ENSMUSG00000097482,ENSMUSG00000038264
ENSMUSG00000043088,ENSMUSG00000050108
ENSMUSG00000020918,ENSMUSG00000121767
ENSMUSG00000044876,ENSMUSG00000117679
ENSMUSG00000110360,ENSMUSG00000020395
ENSMUSG00000031442,ENSMUSG00000120875
ENSMUSG00000034245,ENSMUSG00000001473
ENSMUSG00000105957,ENSMUSG00000074934
ENSMUSG00000044352,ENSMUSG00000027555
ENSMUSG00000020744,ENSMUSG00000004791
ENSMUSG00000038843,ENSMUSG00000021125
ENSMUSG00000064284,ENSMUSG00000022014
ENSMUSG00000025500,ENSMUSG00000016559
ENSMUSG00000086965,ENSMUSG00000106734
ENSMUSG00000093593,ENSMUSG00000044258
ENSMUSG00000025395,ENSMUSG00000044734
ENSMUSG00000031756,ENSMUSG00000029659
ENSMUSG00000033111,ENSMUSG00000010358
ENSMUSG00000121477,ENSMUSG00000026475
ENSMUSG00000029207,ENSMUSG00000031304
ENSMUSG00000073295,ENSMUSG00000079457
ENSMUSG00000039354,ENSMUSG00000022893
ENSMUSG00000121789,ENSMUSG00000040296
ENSMUSG00000040265,ENSMUSG00000003752
ENSMUSG00000037605,ENSMUSG00000020407
ENSMUSG00000042066,ENSMUSG00000059089
ENSMUSG00000063506,ENSMUSG00000000317
ENSMUSG00000040651,ENSMUSG00000041515
ENSMUSG00000070436,ENSMUSG00000022346
ENSMUSG00000041849,ENSMUSG00000000957
ENSMUSG00000043587,ENSMUSG00000047407
ENSMUSG00000038298,ENSMUSG00000020592
ENSMUSG00000037736,ENSMUSG00000055629
ENSMUSG00000047003,ENSMUSG00000018427
ENSMUSG00000032850,ENSMUSG00000033508
ENSMUSG00000044716,ENSMUSG00000026104
ENSMUSG00000036333,ENSMUSG00000061947
ENSMUSG00000011658,ENSMUSG00000074874
ENSMUSG00000026754,ENSMUSG00000029605
ENSMUSG00000032128,ENSMUSG00000022500
ENSMUSG00000022132,ENSMUSG00000017144
ENSMUSG00000028690,ENSMUSG00000025489
ENSMUSG00000039634,ENSMUSG00000020400
ENSMUSG00000025645,ENSMUSG00000121897
ENSMUSG00000028629,ENSMUSG00000023947
ENSMUSG00000110867,ENSMUSG00000046908
ENSMUSG00000020483,ENSMUSG00000066258
ENSMUSG00000024579,ENSMUSG00000030474
ENSMUSG00000036155,ENSMUSG00000003882
ENSMUSG00000021747,ENSMUSG00000041696
ENSMUSG00000041757,ENSMUSG00000006930
ENSMUSG00000029859,ENSMUSG00000121898
ENSMUSG00000005505,ENSMUSG00000040747
ENSMUSG00000087221,ENSMUSG00000058806
ENSMUSG00000106499,ENSMUSG00000038418
ENSMUSG00000001288,ENSMUSG00000022146
ENSMUSG00000004633,ENSMUSG00000040659
ENSMUSG00000035773,ENSMUSG00000029915
ENSMUSG00000030559,ENSMUSG00000066687
ENSMUSG00000066829,ENSMUSG00000031897
ENSMUSG00000082264,ENSMUSG00000104467
ENSMUSG00000040350,ENSMUSG00000018507
ENSMUSG00000035834,ENSMUSG00000029188
ENSMUSG00000032875,ENSMUSG00000037731
ENSMUSG00000032403,ENSMUSG00000026452
ENSMUSG00000063605,ENSMUSG00000038729
ENSMUSG00000054434,ENSMUSG00000121069
ENSMUSG00000022248,ENSMUSG00000101166
ENSMUSG00000062312,ENSMUSG00000053101
ENSMUSG00000020814,ENSMUSG00000099875
ENSMUSG00000092192,ENSMUSG00000087445
ENSMUSG00000035769,ENSMUSG00000000628
ENSMUSG00000045691,ENSMUSG00000054958
ENSMUSG00000020439,ENSMUSG00000090582
ENSMUSG00000041762,ENSMUSG00000042812
ENSMUSG00000047115,ENSMUSG00000121894
ENSMUSG00000081402,ENSMUSG00000059991
ENSMUSG00000087331,ENSMUSG00000039196
ENSMUSG00000103703,ENSMUSG00000071192
ENSMUSG00000039670,ENSMUSG00000028982
ENSMUSG00000097032,ENSMUSG00000020689
ENSMUSG00000078970,ENSMUSG00000056749
ENSMUSG00000027950,ENSMUSG00000060183
ENSMUSG00000070814,ENSMUSG00000103966
ENSMUSG00000026856,ENSMUSG00000095649
ENSMUSG00000032182,ENSMUSG00000043843
ENSMUSG00000074865,ENSMUSG00000032691
ENSMUSG00000028550,ENSMUSG00000024803
ENSMUSG00000026098,ENSMUSG00000069892
ENSMUSG00000097413,ENSMUSG00000110344
ENSMUSG00000020774,ENSMUSG00000024066
ENSMUSG00000099689,ENSMUSG00000111133
ENSMUSG00000034617,ENSMUSG00000042607
ENSMUSG00000001761,ENSMUSG00000100287
ENSMUSG00000020087,ENSMUSG00000046733
ENSMUSG00000119986,ENSMUSG00000103364
ENSMUSG00000028992,ENSMUSG00000058715
ENSMUSG00000089706,ENSMUSG00000071715
ENSMUSG00000058886,ENSMUSG00000029826
ENSMUSG00000115007,ENSMUSG00000032717
ENSMUSG00000051721,ENSMUSG00000048621
ENSMUSG00000041995,ENSMUSG00000044562
ENSMUSG00000074892,ENSMUSG00000028211
ENSMUSG00000022199,ENSMUSG00000015312
ENSMUSG00000074028,ENSMUSG00000042540
ENSMUSG00000061601,ENSMUSG00000071713
ENSMUSG00000014301,ENSMUSG00000120996
ENSMUSG00000022265,ENSMUSG00000032715
ENSMUSG00000083672,ENSMUSG00000106874
ENSMUSG00000078684,ENSMUSG00000112148
ENSMUSG00000050332,ENSMUSG00000045094
ENSMUSG00000019774,ENSMUSG00000037816
ENSMUSG00000028467,ENSMUSG00000046961
ENSMUSG00000039357,ENSMUSG00000040435
ENSMUSG00000059851,ENSMUSG00000120534
ENSMUSG00000052609,ENSMUSG00000053560
ENSMUSG00000037172,ENSMUSG00000020108
ENSMUSG00000036782,ENSMUSG00000038507
ENSMUSG00000027778,ENSMUSG00000024349
ENSMUSG00000014426,ENSMUSG00000046718
ENSMUSG00000106825,ENSMUSG00000041460
ENSMUSG00000039275,ENSMUSG00000028128
ENSMUSG00000060216,ENSMUSG00000031089
ENSMUSG00000044881,ENSMUSG00000024486
ENSMUSG00000042408,ENSMUSG00000004371
ENSMUSG00000046312,ENSMUSG00000034640
ENSMUSG00000043987,ENSMUSG00000031845
ENSMUSG00000046314,ENSMUSG00000024079
ENSMUSG00000020175,ENSMUSG00000021070
ENSMUSG00000029461,ENSMUSG00000078735
ENSMUSG00000029634,ENSMUSG00000084923
ENSMUSG00000000938,ENSMUSG00000049502
ENSMUSG00000023009,ENSMUSG00000026358
ENSMUSG00000073073,ENSMUSG00000022651
ENSMUSG00000049411,ENSMUSG00000001627
ENSMUSG00000039031,ENSMUSG00000082932
ENSMUSG00000025213,ENSMUSG00000025492
ENSMUSG00000028689,ENSMUSG00000024678
ENSMUSG00000022335,ENSMUSG00000023045
ENSMUSG00000027324,ENSMUSG00000025279
ENSMUSG00000053483,ENSMUSG00000121463
ENSMUSG00000000486,ENSMUSG00000024677
ENSMUSG00000072972,ENSMUSG00000070034
ENSMUSG00000035790,ENSMUSG00000029727
ENSMUSG00000074093,ENSMUSG00000066245
ENSMUSG00002076083,ENSMUSG00000047281
ENSMUSG00000063894,ENSMUSG00000027078
ENSMUSG00000022788,ENSMUSG00000001123
ENSMUSG00000104204,ENSMUSG00000016262
ENSMUSG00000116508,ENSMUSG00000018341
ENSMUSG00000033720,ENSMUSG00000022094
ENSMUSG00000001986,ENSMUSG00000120992
ENSMUSG00000090386,ENSMUSG00000002699
ENSMUSG00000038902,ENSMUSG00000030560
ENSMUSG00000097277,ENSMUSG00000097194
ENSMUSG00000058979,ENSMUSG00000004902
ENSMUSG00000017376,ENSMUSG00000052837
ENSMUSG00000023994,ENSMUSG00000043740
ENSMUSG00000051034,ENSMUSG00000026896
ENSMUSG00000120105,ENSMUSG00000094708
ENSMUSG00000030610,ENSMUSG00000095937
ENSMUSG00000042647,ENSMUSG00000029866
ENSMUSG00000026134,ENSMUSG00000032501
ENSMUSG00000020605,ENSMUSG00000038179
ENSMUSG00000027811,ENSMUSG00000109244
ENSMUSG00000073530,ENSMUSG00000097804
ENSMUSG00000031788,ENSMUSG00000068245
ENSMUSG00000048930,ENSMUSG00000043421
ENSMUSG00000042156,ENSMUSG00000000392
ENSMUSG00000020886,ENSMUSG00000069874
ENSMUSG00000027582,ENSMUSG00000120594
ENSMUSG00000015970,ENSMUSG00000032776
ENSMUSG00000010538,ENSMUSG00000121137
ENSMUSG00000025372,ENSMUSG00000015340
ENSMUSG00000001604,ENSMUSG00000027843
ENSMUSG00000087138,ENSMUSG00000035394
ENSMUSG00000097048,ENSMUSG00000021367
ENSMUSG00000057176,ENSMUSG00000029135
ENSMUSG00000025082,ENSMUSG00000024223
ENSMUSG00000017756,ENSMUSG00000020275
ENSMUSG00000070923,ENSMUSG00000013643
ENSMUSG00000030979,ENSMUSG00000111264
ENSMUSG00000047434,ENSMUSG00000035673
ENSMUSG00000025538,ENSMUSG00000045030
ENSMUSG00000112300,ENSMUSG00000019082
ENSMUSG00000105509,ENSMUSG00000108368
ENSMUSG00000021639,ENSMUSG00000028862
ENSMUSG00000073434,ENSMUSG00000105378
ENSMUSG00000067430,ENSMUSG00000058216
ENSMUSG00000034863,ENSMUSG00000102461
ENSMUSG00000040812,ENSMUSG00000034059
ENSMUSG00000027472,ENSMUSG00000004040
ENSMUSG00000021177,ENSMUSG00000070031
ENSMUSG00000106981,ENSMUSG00000027580
ENSMUSG00000044030,ENSMUSG00000022584
ENSMUSG00000078202,ENSMUSG00000032690
ENSMUSG00000036948,ENSMUSG00000047881
ENSMUSG00000096795,ENSMUSG00000022951
ENSMUSG00000023882,ENSMUSG00000040715
ENSMUSG00000043140,ENSMUSG00000102856
ENSMUSG00000035067,ENSMUSG00000042918
ENSMUSG00000038528,ENSMUSG00000032739
ENSMUSG00000038122,ENSMUSG00000090264
ENSMUSG00000003190,ENSMUSG00000029304
ENSMUSG00000052248,ENSMUSG00000034959
ENSMUSG00000023143,ENSMUSG00000020806
ENSMUSG00000121794,ENSMUSG00000109864
ENSMUSG00000018841,ENSMUSG00000074206
ENSMUSG00000053916,ENSMUSG00000063727
ENSMUSG00000087305,ENSMUSG00000096727
ENSMUSG00000026705,ENSMUSG00000019577
ENSMUSG00000024298,ENSMUSG00000031722
ENSMUSG00000041215,ENSMUSG00000039232
ENSMUSG00000099481,ENSMUSG00000085786
ENSMUSG00000049295,ENSMUSG00000018500
ENSMUSG00000020895,ENSMUSG00000029798
ENSMUSG00000086158,ENSMUSG00000039236
ENSMUSG00000020973,ENSMUSG00000019122
ENSMUSG00000070527,ENSMUSG00000028494
ENSMUSG00000066613,ENSMUSG00000043832
ENSMUSG00000103658,ENSMUSG00000035004
ENSMUSG00000014846,ENSMUSG00000030483
ENSMUSG00000038070,ENSMUSG00000040033
ENSMUSG00000044145,ENSMUSG00000028989
ENSMUSG00000045980,ENSMUSG00000117401
ENSMUSG00000018983,ENSMUSG00000048373
ENSMUSG00000048280,ENSMUSG00000035186
ENSMUSG00000049739,ENSMUSG00000024798
ENSMUSG00000002748,ENSMUSG00000089812
ENSMUSG00000046185,ENSMUSG00000046245
ENSMUSG00000029587,ENSMUSG00000121855
ENSMUSG00000078786,ENSMUSG00000095609
ENSMUSG00000021286,ENSMUSG00000109909
ENSMUSG00000092564,ENSMUSG00000054364
ENSMUSG00000098332,ENSMUSG00000021025
ENSMUSG00000022621,ENSMUSG00000050896
ENSMUSG00000022330,ENSMUSG00000027397
ENSMUSG00000045767,ENSMUSG00000027962
ENSMUSG00000018411,ENSMUSG00000039851
ENSMUSG00000024664,ENSMUSG00000103502
ENSMUSG00000041945,ENSMUSG00000015947
ENSMUSG00000097177,ENSMUSG00000114608
ENSMUSG00000031399,ENSMUSG00000044703
ENSMUSG00000039089,ENSMUSG00000024338
ENSMUSG00000091183,ENSMUSG00000042828
ENSMUSG00000036585,ENSMUSG00000028268
ENSMUSG00000038564,ENSMUSG00000040600
ENSMUSG00000049327,ENSMUSG00000031779
ENSMUSG00000040998,ENSMUSG00000060519
ENSMUSG00000038331,ENSMUSG00000046093
ENSMUSG00000029544,ENSMUSG00000043953
ENSMUSG00000041530,ENSMUSG00000092354
ENSMUSG00000022526,ENSMUSG00000050751
ENSMUSG00000058488,ENSMUSG00000026068
ENSMUSG00000002058,ENSMUSG00000020120
ENSMUSG00000084835,ENSMUSG00000042041
ENSMUSG00000028943,ENSMUSG00000036422
ENSMUSG00000023094,ENSMUSG00000030413
ENSMUSG00000068270,ENSMUSG00000005087
ENSMUSG00000016757,ENSMUSG00000002228
ENSMUSG00000109378,ENSMUSG00000061039
ENSMUSG00000017868,ENSMUSG00000056501
ENSMUSG00000022701,ENSMUSG00000118671
ENSMUSG00000034275,ENSMUSG00000051243
ENSMUSG00000028101,ENSMUSG00000020227
ENSMUSG00000034177,ENSMUSG00000039109
ENSMUSG00000021779,ENSMUSG00000052131
ENSMUSG00000005089,ENSMUSG00000009356
ENSMUSG00000030834,ENSMUSG00000056529
ENSMUSG00000006019,ENSMUSG00000028859
ENSMUSG00000039987,ENSMUSG00000028525
ENSMUSG00000074171,ENSMUSG00000058818
ENSMUSG00000041075,ENSMUSG00000047180
ENSMUSG00000070476,ENSMUSG00000040253
ENSMUSG00000001157,ENSMUSG00000006462
ENSMUSG00000006463,ENSMUSG00000024786
ENSMUSG00000027599,ENSMUSG00000029298
ENSMUSG00000085037,ENSMUSG00000038301
ENSMUSG00000097360,ENSMUSG00000020423
ENSMUSG00000067370,ENSMUSG00000068246
ENSMUSG00000034593,ENSMUSG00000075010
ENSMUSG00000018809,ENSMUSG00000020799
ENSMUSG00000030016,ENSMUSG00000024430
ENSMUSG00000020679,ENSMUSG00000021091
ENSMUSG00000023953,ENSMUSG00000085411
ENSMUSG00000033282,ENSMUSG00000022906
ENSMUSG00000045327,ENSMUSG00000053054
ENSMUSG00000089659,ENSMUSG00000066361
ENSMUSG00000059834,ENSMUSG00000057346
ENSMUSG00000049957,ENSMUSG00000022010
ENSMUSG00000047767,ENSMUSG00000079419
ENSMUSG00000027263,ENSMUSG00000034686
ENSMUSG00000032666,ENSMUSG00000047945
ENSMUSG00000032436,ENSMUSG00000121398
ENSMUSG00000046785,ENSMUSG00000117780
ENSMUSG00000108084,ENSMUSG00000037872
ENSMUSG00000078700,ENSMUSG00000034266
ENSMUSG00000029554,ENSMUSG00000049037
ENSMUSG00000113786,ENSMUSG00000053007
ENSMUSG00000040648,ENSMUSG00000070327
ENSMUSG00000028974,ENSMUSG00000117628
ENSMUSG00000037126,ENSMUSG00000013974
ENSMUSG00000031714,ENSMUSG00000039911
ENSMUSG00000081342,ENSMUSG00000039899
ENSMUSG00000037490,ENSMUSG00000070498
ENSMUSG00000028637,ENSMUSG00000104682
ENSMUSG00000051331,ENSMUSG00000089942
ENSMUSG00000092416,ENSMUSG00000102964
ENSMUSG00000013629,ENSMUSG00000035208
ENSMUSG00000026259,ENSMUSG00000073491
ENSMUSG00000074158,ENSMUSG00000079012
ENSMUSG00000056598,ENSMUSG00000027398
ENSMUSG00000020189,ENSMUSG00000003283
ENSMUSG00000050605,ENSMUSG00000045502
ENSMUSG00000053390,ENSMUSG00000073555
ENSMUSG00000031851,ENSMUSG00000013483
ENSMUSG00000026240,ENSMUSG00000031444
ENSMUSG00000013419,ENSMUSG00000029322
ENSMUSG00000042104,ENSMUSG00000074141
ENSMUSG00000033253,ENSMUSG00000062007
ENSMUSG00000121880,ENSMUSG00000037921
ENSMUSG00000010651,ENSMUSG00000025017
ENSMUSG00000026062,ENSMUSG00000022622
ENSMUSG00000034687,ENSMUSG00000091649
ENSMUSG00000038060,ENSMUSG00000071637
ENSMUSG00000022516,ENSMUSG00000050014
ENSMUSG00000033857,ENSMUSG00000036390
ENSMUSG00000021668,ENSMUSG00000032515
ENSMUSG00000020697,ENSMUSG00000072620
ENSMUSG00000020156,ENSMUSG00000026121
ENSMUSG00000036898,ENSMUSG00000026581
ENSMUSG00000019975,ENSMUSG00000103439
ENSMUSG00000038126,ENSMUSG00000042677
ENSMUSG00000042992,ENSMUSG00000002983
ENSMUSG00000040721,ENSMUSG00000003206
ENSMUSG00000022332,ENSMUSG00000105096
ENSMUSG00000027959,ENSMUSG00000040483
ENSMUSG00000054099,ENSMUSG00000028874
ENSMUSG00000070997,ENSMUSG00000099974
ENSMUSG00000074243,ENSMUSG00000038508
ENSMUSG00000113861,ENSMUSG00000069793
ENSMUSG00000018651,ENSMUSG00000035929
ENSMUSG00000019295,ENSMUSG00000030786
ENSMUSG00000103436,ENSMUSG00000028599
ENSMUSG00000078896,ENSMUSG00000078921
ENSMUSG00000029173,ENSMUSG00000030921
ENSMUSG00000069727,ENSMUSG00000049988
ENSMUSG00000056698,ENSMUSG00000079362
ENSMUSG00000034218,ENSMUSG00000087175
ENSMUSG00000020241,ENSMUSG00000073490
ENSMUSG00000035198,ENSMUSG00000048489
ENSMUSG00000086938,ENSMUSG00000027313
ENSMUSG00000063382,ENSMUSG00000020429
ENSMUSG00000062526,ENSMUSG00000032661
ENSMUSG00000034320,ENSMUSG00000049892
ENSMUSG00000071302,ENSMUSG00000066861
ENSMUSG00000089810,ENSMUSG00000039699
ENSMUSG00000009733,ENSMUSG00000020901
ENSMUSG00000059423,ENSMUSG00000050747
ENSMUSG00000029053,ENSMUSG00000072244
ENSMUSG00000028496,ENSMUSG00000086320
ENSMUSG00000036285,ENSMUSG00000005800
ENSMUSG00000062861,ENSMUSG00000052776
ENSMUSG00000037933,ENSMUSG00000121086
ENSMUSG00000024251,ENSMUSG00000035356
ENSMUSG00000030761,ENSMUSG00000113136
ENSMUSG00000023066,ENSMUSG00000033107
ENSMUSG00000025137,ENSMUSG00000039728
ENSMUSG00000053965,ENSMUSG00000017830
ENSMUSG00000121232,ENSMUSG00000046223
ENSMUSG00000086610,ENSMUSG00000027995
ENSMUSG00000073792,ENSMUSG00000049734
ENSMUSG00000033948,ENSMUSG00000014599
ENSMUSG00000000958,ENSMUSG00000032000
ENSMUSG00000104546,ENSMUSG00000029321
ENSMUSG00000047037,ENSMUSG00000023905
ENSMUSG00000026456,ENSMUSG00000120198
ENSMUSG00000030249,ENSMUSG00000027368
ENSMUSG00000039065,ENSMUSG00000094840
ENSMUSG00000049811,ENSMUSG00000048852
ENSMUSG00000039831,ENSMUSG00000004359
ENSMUSG00000037216,ENSMUSG00000112023
ENSMUSG00000106990,ENSMUSG00000033213
ENSMUSG00000034848,ENSMUSG00000043263
ENSMUSG00000081787,ENSMUSG00000097768
ENSMUSG00000090564,ENSMUSG00000029561
ENSMUSG00000019916,ENSMUSG00000000078
ENSMUSG00000002105,ENSMUSG00000079363
ENSMUSG00000014418,ENSMUSG00000089929
ENSMUSG00000028180,ENSMUSG00000033538
ENSMUSG00000042496,ENSMUSG00000052749
ENSMUSG00000052794,ENSMUSG00000020638
ENSMUSG00000031712,ENSMUSG00000040017
ENSMUSG00000055866,ENSMUSG00000062939
ENSMUSG00000062646,ENSMUSG00000036067
ENSMUSG00000064043,ENSMUSG00000050370
ENSMUSG00000043391,ENSMUSG00000042622
ENSMUSG00000043162,ENSMUSG00000074151
ENSMUSG00000085334,ENSMUSG00000087006
ENSMUSG00000056917,ENSMUSG00000046688
ENSMUSG00000001802,ENSMUSG00000057596
ENSMUSG00000032737,ENSMUSG00000078853
ENSMUSG00000091931,ENSMUSG00000030144
ENSMUSG00000120984,ENSMUSG00000005413
ENSMUSG00000026692,ENSMUSG00000037887
ENSMUSG00000027173,ENSMUSG00000030156
ENSMUSG00000030002,ENSMUSG00000025044
ENSMUSG00000038267,ENSMUSG00000074252
ENSMUSG00000061393,ENSMUSG00000037405
ENSMUSG00000016503,ENSMUSG00000012519
ENSMUSG00000081718,ENSMUSG00000104728
ENSMUSG00000039988,ENSMUSG00000053175
ENSMUSG00000038383,ENSMUSG00000099241
ENSMUSG00000060678,ENSMUSG00000069792
ENSMUSG00000055912,ENSMUSG00000018899
ENSMUSG00000092626,ENSMUSG00000075122
ENSMUSG00000112017,ENSMUSG00000037849
ENSMUSG00000021751,ENSMUSG00000038587
ENSMUSG00000035933,ENSMUSG00000037580
ENSMUSG00000030200,ENSMUSG00000028480
ENSMUSG00000087095,ENSMUSG00000026073
ENSMUSG00000024645,ENSMUSG00000037095
ENSMUSG00000036934,ENSMUSG00000037944
ENSMUSG00000003273,ENSMUSG00000025498
ENSMUSG00000032175,ENSMUSG00000047798
ENSMUSG00000035051,ENSMUSG00000048572
ENSMUSG00000121072,ENSMUSG00000050578
ENSMUSG00000052783,ENSMUSG00000102037
ENSMUSG00000040738,ENSMUSG00000024679
ENSMUSG00000001323,ENSMUSG00000064272
ENSMUSG00000053886,ENSMUSG00000020676
ENSMUSG00000039307,ENSMUSG00000061878
ENSMUSG00000020607,ENSMUSG00000034422
ENSMUSG00000062075,ENSMUSG00000034394
ENSMUSG00000019312,ENSMUSG00000024235
ENSMUSG00000022664,ENSMUSG00000090942
ENSMUSG00000036555,ENSMUSG00000090698
ENSMUSG00000039137,ENSMUSG00000027737
ENSMUSG00000036528,ENSMUSG00000028680
ENSMUSG00000052563,ENSMUSG00000067780
ENSMUSG00000055833,ENSMUSG00000024401
ENSMUSG00000035745,ENSMUSG00000086754
ENSMUSG00000043833,ENSMUSG00000060188
ENSMUSG00000034445,ENSMUSG00000107029
ENSMUSG00000071568,ENSMUSG00000059108
ENSMUSG00000103906,ENSMUSG00000033355
ENSMUSG00000003418,ENSMUSG00000020826
ENSMUSG00000038253,ENSMUSG00000037321
ENSMUSG00000028402,ENSMUSG00000027514
ENSMUSG00000097350,ENSMUSG00000012428
ENSMUSG00000021707,ENSMUSG00000046879
ENSMUSG00000028544,ENSMUSG00000037035
ENSMUSG00000028047,ENSMUSG00000016496
ENSMUSG00000047749,ENSMUSG00000056071
ENSMUSG00000058388,ENSMUSG00000026536
ENSMUSG00000036095,ENSMUSG00000073489
ENSMUSG00000028469,ENSMUSG00000017652
ENSMUSG00000073791,ENSMUSG00000040726
ENSMUSG00000045140,ENSMUSG00000078763
ENSMUSG00000071337,ENSMUSG00000031028
ENSMUSG00000080840,ENSMUSG00000045027
ENSMUSG00000061533,ENSMUSG00000032021
ENSMUSG00000002108,ENSMUSG00000078612
ENSMUSG00000024350,ENSMUSG00000082292
ENSMUSG00000046826,ENSMUSG00000022876
ENSMUSG00000024947,ENSMUSG00000045932
ENSMUSG00000039585,ENSMUSG00000056054
ENSMUSG00000030386,ENSMUSG00000034765
ENSMUSG00000011832,ENSMUSG00000023067
ENSMUSG00000120863,ENSMUSG00000023078
ENSMUSG00000036054,ENSMUSG00000020641
ENSMUSG00000022195,ENSMUSG00000063388
ENSMUSG00000030352,ENSMUSG00000078922
ENSMUSG00000039414,ENSMUSG00000092021
ENSMUSG00000039620,ENSMUSG00000104713
ENSMUSG00000022791,ENSMUSG00000024215
ENSMUSG00000029844,ENSMUSG00000038037
ENSMUSG00000019303,ENSMUSG00000017002
ENSMUSG00000024142,ENSMUSG00000098934
ENSMUSG00000061882,ENSMUSG00000105954
ENSMUSG00000002393,ENSMUSG00000024737
ENSMUSG00000073147,ENSMUSG00000058163
ENSMUSG00000039652,ENSMUSG00000074115
ENSMUSG00000031834,ENSMUSG00000025172
ENSMUSG00000001150,ENSMUSG00000024675
ENSMUSG00000026803,ENSMUSG00000019850
ENSMUSG00000028030,ENSMUSG00000113101
ENSMUSG00000036078,ENSMUSG00000035818
ENSMUSG00000001143,ENSMUSG00000030107
ENSMUSG00000027531,ENSMUSG00000032496
ENSMUSG00000062937,ENSMUSG00000120500
ENSMUSG00000026792,ENSMUSG00000031765
ENSMUSG00000027522,ENSMUSG00000033831
ENSMUSG00000005320,ENSMUSG00000037447
ENSMUSG00000015133,ENSMUSG00000087684
ENSMUSG00000075511,ENSMUSG00000041481
ENSMUSG00000068876,ENSMUSG00000000567
ENSMUSG00000038518,ENSMUSG00000029417
ENSMUSG00000033170,ENSMUSG00000001131
ENSMUSG00000024781,ENSMUSG00000040364
ENSMUSG00000046753,ENSMUSG00000062488
ENSMUSG00000037594,ENSMUSG00000056656
ENSMUSG00000062797,ENSMUSG00000058755
ENSMUSG00000072664,ENSMUSG00000120878
ENSMUSG00000016756,ENSMUSG00000078920
ENSMUSG00000012483,ENSMUSG00000064246
ENSMUSG00000040446,ENSMUSG00000074896
ENSMUSG00000030357,ENSMUSG00000053113
ENSMUSG00000037257,ENSMUSG00000035692
ENSMUSG00000039182,ENSMUSG00000054072
ENSMUSG00000075054,ENSMUSG00000042417
ENSMUSG00000029047,ENSMUSG00000071036
ENSMUSG00000032312,ENSMUSG00000040405
ENSMUSG00000032897,ENSMUSG00000062593
ENSMUSG00000068114,ENSMUSG00000054203
ENSMUSG00000038990,ENSMUSG00000068606
ENSMUSG00000029097,ENSMUSG00000026628
ENSMUSG00000032842,ENSMUSG00000051439
ENSMUSG00000038042,ENSMUSG00000026981
ENSMUSG00000081126,ENSMUSG00000028270
ENSMUSG00000037349,ENSMUSG00000037411
ENSMUSG00000035697,ENSMUSG00000046031
ENSMUSG00000118366,ENSMUSG00000045551
ENSMUSG00000020668,ENSMUSG00000026149
ENSMUSG00000048450,ENSMUSG00000028001
ENSMUSG00000028136,ENSMUSG00000052270
ENSMUSG00000024269,ENSMUSG00000105504
ENSMUSG00000042606,ENSMUSG00000020701
ENSMUSG00000032224,ENSMUSG00000046203
ENSMUSG00000116953,ENSMUSG00000026822
ENSMUSG00000028614,ENSMUSG00000121484
ENSMUSG00000102758,ENSMUSG00000031762
ENSMUSG00000032892,ENSMUSG00000006403
ENSMUSG00000058173,ENSMUSG00000044162
ENSMUSG00000026869,ENSMUSG00000021566
ENSMUSG00000027589,ENSMUSG00000034459
ENSMUSG00000015127,ENSMUSG00000054855
ENSMUSG00000021495,ENSMUSG00000040328
ENSMUSG00000025413,ENSMUSG00000040809
ENSMUSG00000025154,ENSMUSG00000030142
ENSMUSG00000026637,ENSMUSG00000000204
ENSMUSG00000024007,ENSMUSG00000035042
ENSMUSG00000028435,ENSMUSG00000040026
ENSMUSG00000014633,ENSMUSG00000026580
ENSMUSG00000026024,ENSMUSG00000024912
ENSMUSG00000042642,ENSMUSG00000041827
ENSMUSG00000015659,ENSMUSG00000000386
ENSMUSG00000027684,ENSMUSG00000035775
ENSMUSG00000038991,ENSMUSG00000023341
ENSMUSG00000045636,ENSMUSG00000018930
ENSMUSG00000030469,ENSMUSG00000033860
ENSMUSG00000048000,ENSMUSG00000085977
ENSMUSG00000026036,ENSMUSG00000035385
ENSMUSG00000038903,ENSMUSG00000066363
ENSMUSG00000000148,ENSMUSG00000029380
ENSMUSG00000029924,ENSMUSG00000027832
ENSMUSG00000013495,ENSMUSG00000034855
ENSMUSG00000110444,ENSMUSG00000058427
ENSMUSG00000048058,
ENSMUSG00000032478,
ENSMUSG00000024219,
ENSMUSG00000120885,
ENSMUSG00000023191,
ENSMUSG00000061046,
ENSMUSG00000036819,
ENSMUSG00000037098,
ENSMUSG00000112294,
ENSMUSG00000091083,